relative_path,absolute_path,extension,size_bytes,modified_time,category
.hf_cache\datasets\Lots-of-LoRAs___task1519_qa_srl_question_generation\default\0.0.0\f67ab4599f48d1b82c492e49c814d7e558b081b1\dataset_info.json,C:\Users\RAVIPRAKASH\Downloads\NLP Project\srlqa\.hf_cache\datasets\Lots-of-LoRAs___task1519_qa_srl_question_generation\default\0.0.0\f67ab4599f48d1b82c492e49c814d7e558b081b1\dataset_info.json,.json,1458,2026-04-07T18:56:02,dataset
.hf_cache\datasets\Lots-of-LoRAs___task1519_qa_srl_question_generation\default\0.0.0\f67ab4599f48d1b82c492e49c814d7e558b081b1\task1519_qa_srl_question_generation-test.arrow,C:\Users\RAVIPRAKASH\Downloads\NLP Project\srlqa\.hf_cache\datasets\Lots-of-LoRAs___task1519_qa_srl_question_generation\default\0.0.0\f67ab4599f48d1b82c492e49c814d7e558b081b1\task1519_qa_srl_question_generation-test.arrow,.arrow,76888,2026-04-07T18:56:02,dataset
.hf_cache\datasets\Lots-of-LoRAs___task1519_qa_srl_question_generation\default\0.0.0\f67ab4599f48d1b82c492e49c814d7e558b081b1\task1519_qa_srl_question_generation-train.arrow,C:\Users\RAVIPRAKASH\Downloads\NLP Project\srlqa\.hf_cache\datasets\Lots-of-LoRAs___task1519_qa_srl_question_generation\default\0.0.0\f67ab4599f48d1b82c492e49c814d7e558b081b1\task1519_qa_srl_question_generation-train.arrow,.arrow,598880,2026-04-07T18:56:02,dataset
.hf_cache\datasets\Lots-of-LoRAs___task1519_qa_srl_question_generation\default\0.0.0\f67ab4599f48d1b82c492e49c814d7e558b081b1\task1519_qa_srl_question_generation-valid.arrow,C:\Users\RAVIPRAKASH\Downloads\NLP Project\srlqa\.hf_cache\datasets\Lots-of-LoRAs___task1519_qa_srl_question_generation\default\0.0.0\f67ab4599f48d1b82c492e49c814d7e558b081b1\task1519_qa_srl_question_generation-valid.arrow,.arrow,75120,2026-04-07T18:56:02,dataset
.hf_cache\datasets\Lots-of-LoRAs___task1520_qa_srl_answer_generation\default\0.0.0\8d76d2ee87589a38a55046ddda7ec51e6b089e05\dataset_info.json,C:\Users\RAVIPRAKASH\Downloads\NLP Project\srlqa\.hf_cache\datasets\Lots-of-LoRAs___task1520_qa_srl_answer_generation\default\0.0.0\8d76d2ee87589a38a55046ddda7ec51e6b089e05\dataset_info.json,.json,1449,2026-04-07T18:56:01,dataset
.hf_cache\datasets\Lots-of-LoRAs___task1520_qa_srl_answer_generation\default\0.0.0\8d76d2ee87589a38a55046ddda7ec51e6b089e05\task1520_qa_srl_answer_generation-test.arrow,C:\Users\RAVIPRAKASH\Downloads\NLP Project\srlqa\.hf_cache\datasets\Lots-of-LoRAs___task1520_qa_srl_answer_generation\default\0.0.0\8d76d2ee87589a38a55046ddda7ec51e6b089e05\task1520_qa_srl_answer_generation-test.arrow,.arrow,161208,2026-04-07T18:56:01,dataset
.hf_cache\datasets\Lots-of-LoRAs___task1520_qa_srl_answer_generation\default\0.0.0\8d76d2ee87589a38a55046ddda7ec51e6b089e05\task1520_qa_srl_answer_generation-train.arrow,C:\Users\RAVIPRAKASH\Downloads\NLP Project\srlqa\.hf_cache\datasets\Lots-of-LoRAs___task1520_qa_srl_answer_generation\default\0.0.0\8d76d2ee87589a38a55046ddda7ec51e6b089e05\task1520_qa_srl_answer_generation-train.arrow,.arrow,1278968,2026-04-07T18:56:01,dataset
.hf_cache\datasets\Lots-of-LoRAs___task1520_qa_srl_answer_generation\default\0.0.0\8d76d2ee87589a38a55046ddda7ec51e6b089e05\task1520_qa_srl_answer_generation-valid.arrow,C:\Users\RAVIPRAKASH\Downloads\NLP Project\srlqa\.hf_cache\datasets\Lots-of-LoRAs___task1520_qa_srl_answer_generation\default\0.0.0\8d76d2ee87589a38a55046ddda7ec51e6b089e05\task1520_qa_srl_answer_generation-valid.arrow,.arrow,160240,2026-04-07T18:56:01,dataset
.hf_cache\datasets\cu-kairos___propbank_srl_seq2seq\default\0.0.0\3ac8d9eb632afdfba5c70c95c0333d70c8bdca8f\dataset_info.json,C:\Users\RAVIPRAKASH\Downloads\NLP Project\srlqa\.hf_cache\datasets\cu-kairos___propbank_srl_seq2seq\default\0.0.0\3ac8d9eb632afdfba5c70c95c0333d70c8bdca8f\dataset_info.json,.json,973,2026-04-07T18:56:00,dataset
.hf_cache\datasets\cu-kairos___propbank_srl_seq2seq\default\0.0.0\3ac8d9eb632afdfba5c70c95c0333d70c8bdca8f\propbank_srl_seq2seq-train.arrow,C:\Users\RAVIPRAKASH\Downloads\NLP Project\srlqa\.hf_cache\datasets\cu-kairos___propbank_srl_seq2seq\default\0.0.0\3ac8d9eb632afdfba5c70c95c0333d70c8bdca8f\propbank_srl_seq2seq-train.arrow,.arrow,6625464,2026-04-07T18:55:59,dataset
.hf_cache\datasets\cu-kairos___propbank_srl_seq2seq\default\0.0.0\3ac8d9eb632afdfba5c70c95c0333d70c8bdca8f\propbank_srl_seq2seq-validation.arrow,C:\Users\RAVIPRAKASH\Downloads\NLP Project\srlqa\.hf_cache\datasets\cu-kairos___propbank_srl_seq2seq\default\0.0.0\3ac8d9eb632afdfba5c70c95c0333d70c8bdca8f\propbank_srl_seq2seq-validation.arrow,.arrow,1666840,2026-04-07T18:56:00,dataset
.hf_cache\datasets\marcov___qa_srl_promptsource\default\0.0.0\46fcd4605989a6144719de0cb7be35bff6efe343\dataset_info.json,C:\Users\RAVIPRAKASH\Downloads\NLP Project\srlqa\.hf_cache\datasets\marcov___qa_srl_promptsource\default\0.0.0\46fcd4605989a6144719de0cb7be35bff6efe343\dataset_info.json,.json,1785,2026-04-07T18:56:06,dataset
.hf_cache\datasets\marcov___qa_srl_promptsource\default\0.0.0\46fcd4605989a6144719de0cb7be35bff6efe343\qa_srl_promptsource-test.arrow,C:\Users\RAVIPRAKASH\Downloads\NLP Project\srlqa\.hf_cache\datasets\marcov___qa_srl_promptsource\default\0.0.0\46fcd4605989a6144719de0cb7be35bff6efe343\qa_srl_promptsource-test.arrow,.arrow,12214976,2026-04-07T18:56:06,dataset
.hf_cache\datasets\marcov___qa_srl_promptsource\default\0.0.0\46fcd4605989a6144719de0cb7be35bff6efe343\qa_srl_promptsource-train.arrow,C:\Users\RAVIPRAKASH\Downloads\NLP Project\srlqa\.hf_cache\datasets\marcov___qa_srl_promptsource\default\0.0.0\46fcd4605989a6144719de0cb7be35bff6efe343\qa_srl_promptsource-train.arrow,.arrow,35255688,2026-04-07T18:56:05,dataset
.hf_cache\datasets\marcov___qa_srl_promptsource\default\0.0.0\46fcd4605989a6144719de0cb7be35bff6efe343\qa_srl_promptsource-validation.arrow,C:\Users\RAVIPRAKASH\Downloads\NLP Project\srlqa\.hf_cache\datasets\marcov___qa_srl_promptsource\default\0.0.0\46fcd4605989a6144719de0cb7be35bff6efe343\qa_srl_promptsource-validation.arrow,.arrow,12115776,2026-04-07T18:56:06,dataset
data\challenge_suite_v2.json,C:\Users\RAVIPRAKASH\Downloads\NLP Project\srlqa\data\challenge_suite_v2.json,.json,4638,2026-04-07T18:53:35,dataset
plots\ACCURACY_COMPARISON_TABLE.csv,C:\Users\RAVIPRAKASH\Downloads\NLP Project\srlqa\plots\ACCURACY_COMPARISON_TABLE.csv,.csv,1959,2026-04-07T22:03:43,dataset
plots\ALL_MODEL_SMOKE_TEST.csv,C:\Users\RAVIPRAKASH\Downloads\NLP Project\srlqa\plots\ALL_MODEL_SMOKE_TEST.csv,.csv,1012,2026-04-07T22:03:43,dataset
plots\BENCHMARK_TRACKS_EXACT.csv,C:\Users\RAVIPRAKASH\Downloads\NLP Project\srlqa\plots\BENCHMARK_TRACKS_EXACT.csv,.csv,1976,2026-04-07T22:03:43,dataset
plots\FILE_ANALYSIS.csv,C:\Users\RAVIPRAKASH\Downloads\NLP Project\srlqa\plots\FILE_ANALYSIS.csv,.csv,20382,2026-04-07T22:03:43,dataset
plots\PER_ROLE_METRICS_EXACT.csv,C:\Users\RAVIPRAKASH\Downloads\NLP Project\srlqa\plots\PER_ROLE_METRICS_EXACT.csv,.csv,3798,2026-04-07T22:03:43,dataset
plots\PYTHON_MODULE_ANALYSIS.csv,C:\Users\RAVIPRAKASH\Downloads\NLP Project\srlqa\plots\PYTHON_MODULE_ANALYSIS.csv,.csv,7010,2026-04-07T22:03:43,dataset
plots\RAISE_FAST_SEED_RESULTS.csv,C:\Users\RAVIPRAKASH\Downloads\NLP Project\srlqa\plots\RAISE_FAST_SEED_RESULTS.csv,.csv,3603,2026-04-07T22:03:43,dataset
RAISE_SRLQA_HUGE_VISUAL_DECK_INDEX.md,C:\Users\RAVIPRAKASH\Downloads\NLP Project\srlqa\RAISE_SRLQA_HUGE_VISUAL_DECK_INDEX.md,.md,3768,2026-04-07T21:24:22,documentation
README.md,C:\Users\RAVIPRAKASH\Downloads\NLP Project\srlqa\README.md,.md,4669,2026-04-07T21:29:08,documentation
plots\ACCURATE_DOCUMENTATION_INDEX.md,C:\Users\RAVIPRAKASH\Downloads\NLP Project\srlqa\plots\ACCURATE_DOCUMENTATION_INDEX.md,.md,14311,2026-04-07T22:03:45,documentation
plots\PLOTS_INDEX.md,C:\Users\RAVIPRAKASH\Downloads\NLP Project\srlqa\plots\PLOTS_INDEX.md,.md,4693,2026-04-07T22:01:43,documentation
requirements.txt,C:\Users\RAVIPRAKASH\Downloads\NLP Project\srlqa\requirements.txt,.txt,161,2026-04-07T18:46:59,documentation
streamlit.err.log,C:\Users\RAVIPRAKASH\Downloads\NLP Project\srlqa\streamlit.err.log,.log,1482,2026-04-07T20:51:29,log
streamlit.out.log,C:\Users\RAVIPRAKASH\Downloads\NLP Project\srlqa\streamlit.out.log,.log,182,2026-04-07T20:46:27,log
.hf_cache\models\models--deepset--deberta-v3-base-squad2\.no_exist\eea39c60cc305c2e4a9504f5ff117294bebb42db\chat_template.jinja,C:\Users\RAVIPRAKASH\Downloads\NLP Project\srlqa\.hf_cache\models\models--deepset--deberta-v3-base-squad2\.no_exist\eea39c60cc305c2e4a9504f5ff117294bebb42db\chat_template.jinja,.jinja,0,2026-04-07T19:10:04,model
.hf_cache\models\models--deepset--deberta-v3-base-squad2\refs\main,C:\Users\RAVIPRAKASH\Downloads\NLP Project\srlqa\.hf_cache\models\models--deepset--deberta-v3-base-squad2\refs\main,[none],40,2026-04-07T19:09:57,model
.hf_cache\models\models--deepset--deberta-v3-base-squad2\snapshots\eea39c60cc305c2e4a9504f5ff117294bebb42db\added_tokens.json,C:\Users\RAVIPRAKASH\Downloads\NLP Project\srlqa\.hf_cache\models\models--deepset--deberta-v3-base-squad2\snapshots\eea39c60cc305c2e4a9504f5ff117294bebb42db\added_tokens.json,.json,23,2026-04-07T19:10:03,model
.hf_cache\models\models--deepset--deberta-v3-base-squad2\snapshots\eea39c60cc305c2e4a9504f5ff117294bebb42db\config.json,C:\Users\RAVIPRAKASH\Downloads\NLP Project\srlqa\.hf_cache\models\models--deepset--deberta-v3-base-squad2\snapshots\eea39c60cc305c2e4a9504f5ff117294bebb42db\config.json,.json,992,2026-04-07T19:10:05,model
.hf_cache\models\models--deepset--deberta-v3-base-squad2\snapshots\eea39c60cc305c2e4a9504f5ff117294bebb42db\model.safetensors,C:\Users\RAVIPRAKASH\Downloads\NLP Project\srlqa\.hf_cache\models\models--deepset--deberta-v3-base-squad2\snapshots\eea39c60cc305c2e4a9504f5ff117294bebb42db\model.safetensors,.safetensors,735360940,2026-04-07T19:10:45,model
.hf_cache\models\models--deepset--deberta-v3-base-squad2\snapshots\eea39c60cc305c2e4a9504f5ff117294bebb42db\special_tokens_map.json,C:\Users\RAVIPRAKASH\Downloads\NLP Project\srlqa\.hf_cache\models\models--deepset--deberta-v3-base-squad2\snapshots\eea39c60cc305c2e4a9504f5ff117294bebb42db\special_tokens_map.json,.json,173,2026-04-07T19:10:03,model
.hf_cache\models\models--deepset--deberta-v3-base-squad2\snapshots\eea39c60cc305c2e4a9504f5ff117294bebb42db\spm.model,C:\Users\RAVIPRAKASH\Downloads\NLP Project\srlqa\.hf_cache\models\models--deepset--deberta-v3-base-squad2\snapshots\eea39c60cc305c2e4a9504f5ff117294bebb42db\spm.model,.model,2464616,2026-04-07T19:10:01,model
.hf_cache\models\models--deepset--deberta-v3-base-squad2\snapshots\eea39c60cc305c2e4a9504f5ff117294bebb42db\tokenizer.json,C:\Users\RAVIPRAKASH\Downloads\NLP Project\srlqa\.hf_cache\models\models--deepset--deberta-v3-base-squad2\snapshots\eea39c60cc305c2e4a9504f5ff117294bebb42db\tokenizer.json,.json,8648791,2026-04-07T19:10:03,model
.hf_cache\models\models--deepset--deberta-v3-base-squad2\snapshots\eea39c60cc305c2e4a9504f5ff117294bebb42db\tokenizer_config.json,C:\Users\RAVIPRAKASH\Downloads\NLP Project\srlqa\.hf_cache\models\models--deepset--deberta-v3-base-squad2\snapshots\eea39c60cc305c2e4a9504f5ff117294bebb42db\tokenizer_config.json,.json,379,2026-04-07T19:09:57,model
.hf_cache\models\models--microsoft--deberta-v3-base\.no_exist\8ccc9b6f36199bec6961081d44eb72fb3f7353f3\added_tokens.json,C:\Users\RAVIPRAKASH\Downloads\NLP Project\srlqa\.hf_cache\models\models--microsoft--deberta-v3-base\.no_exist\8ccc9b6f36199bec6961081d44eb72fb3f7353f3\added_tokens.json,.json,0,2026-04-07T18:59:16,model
.hf_cache\models\models--microsoft--deberta-v3-base\.no_exist\8ccc9b6f36199bec6961081d44eb72fb3f7353f3\chat_template.jinja,C:\Users\RAVIPRAKASH\Downloads\NLP Project\srlqa\.hf_cache\models\models--microsoft--deberta-v3-base\.no_exist\8ccc9b6f36199bec6961081d44eb72fb3f7353f3\chat_template.jinja,.jinja,0,2026-04-07T18:59:16,model
.hf_cache\models\models--microsoft--deberta-v3-base\.no_exist\8ccc9b6f36199bec6961081d44eb72fb3f7353f3\model.safetensors,C:\Users\RAVIPRAKASH\Downloads\NLP Project\srlqa\.hf_cache\models\models--microsoft--deberta-v3-base\.no_exist\8ccc9b6f36199bec6961081d44eb72fb3f7353f3\model.safetensors,.safetensors,0,2026-04-07T19:00:49,model
.hf_cache\models\models--microsoft--deberta-v3-base\.no_exist\8ccc9b6f36199bec6961081d44eb72fb3f7353f3\model.safetensors.index.json,C:\Users\RAVIPRAKASH\Downloads\NLP Project\srlqa\.hf_cache\models\models--microsoft--deberta-v3-base\.no_exist\8ccc9b6f36199bec6961081d44eb72fb3f7353f3\model.safetensors.index.json,.json,0,2026-04-07T19:00:49,model
.hf_cache\models\models--microsoft--deberta-v3-base\.no_exist\8ccc9b6f36199bec6961081d44eb72fb3f7353f3\special_tokens_map.json,C:\Users\RAVIPRAKASH\Downloads\NLP Project\srlqa\.hf_cache\models\models--microsoft--deberta-v3-base\.no_exist\8ccc9b6f36199bec6961081d44eb72fb3f7353f3\special_tokens_map.json,.json,0,2026-04-07T18:59:16,model
.hf_cache\models\models--microsoft--deberta-v3-base\.no_exist\8ccc9b6f36199bec6961081d44eb72fb3f7353f3\tokenizer.json,C:\Users\RAVIPRAKASH\Downloads\NLP Project\srlqa\.hf_cache\models\models--microsoft--deberta-v3-base\.no_exist\8ccc9b6f36199bec6961081d44eb72fb3f7353f3\tokenizer.json,.json,0,2026-04-07T18:59:16,model
.hf_cache\models\models--microsoft--deberta-v3-base\refs\main,C:\Users\RAVIPRAKASH\Downloads\NLP Project\srlqa\.hf_cache\models\models--microsoft--deberta-v3-base\refs\main,[none],40,2026-04-07T18:59:12,model
.hf_cache\models\models--microsoft--deberta-v3-base\refs\refs\pr\14,C:\Users\RAVIPRAKASH\Downloads\NLP Project\srlqa\.hf_cache\models\models--microsoft--deberta-v3-base\refs\refs\pr\14,[none],40,2026-04-07T19:01:15,model
.hf_cache\models\models--microsoft--deberta-v3-base\snapshots\8ccc9b6f36199bec6961081d44eb72fb3f7353f3\config.json,C:\Users\RAVIPRAKASH\Downloads\NLP Project\srlqa\.hf_cache\models\models--microsoft--deberta-v3-base\snapshots\8ccc9b6f36199bec6961081d44eb72fb3f7353f3\config.json,.json,579,2026-04-07T18:59:12,model
.hf_cache\models\models--microsoft--deberta-v3-base\snapshots\8ccc9b6f36199bec6961081d44eb72fb3f7353f3\pytorch_model.bin,C:\Users\RAVIPRAKASH\Downloads\NLP Project\srlqa\.hf_cache\models\models--microsoft--deberta-v3-base\snapshots\8ccc9b6f36199bec6961081d44eb72fb3f7353f3\pytorch_model.bin,.bin,371146213,2026-04-07T19:01:12,model
.hf_cache\models\models--microsoft--deberta-v3-base\snapshots\8ccc9b6f36199bec6961081d44eb72fb3f7353f3\spm.model,C:\Users\RAVIPRAKASH\Downloads\NLP Project\srlqa\.hf_cache\models\models--microsoft--deberta-v3-base\snapshots\8ccc9b6f36199bec6961081d44eb72fb3f7353f3\spm.model,.model,2464616,2026-04-07T18:59:15,model
.hf_cache\models\models--microsoft--deberta-v3-base\snapshots\8ccc9b6f36199bec6961081d44eb72fb3f7353f3\tokenizer_config.json,C:\Users\RAVIPRAKASH\Downloads\NLP Project\srlqa\.hf_cache\models\models--microsoft--deberta-v3-base\snapshots\8ccc9b6f36199bec6961081d44eb72fb3f7353f3\tokenizer_config.json,.json,52,2026-04-07T18:59:13,model
.hf_cache\models\models--microsoft--deberta-v3-base\snapshots\de19fe7db5162df5f3d8f0b41321c0267288fd74\model.safetensors,C:\Users\RAVIPRAKASH\Downloads\NLP Project\srlqa\.hf_cache\models\models--microsoft--deberta-v3-base\snapshots\de19fe7db5162df5f3d8f0b41321c0267288fd74\model.safetensors,.safetensors,371101258,2026-04-07T19:01:39,model
.gitignore,C:\Users\RAVIPRAKASH\Downloads\NLP Project\srlqa\.gitignore,[none],102,2026-04-07T18:57:44,other
output\code\__pycache__\full_analysis_pipeline.cpython-313.pyc,C:\Users\RAVIPRAKASH\Downloads\NLP Project\srlqa\output\code\__pycache__\full_analysis_pipeline.cpython-313.pyc,.pyc,98936,2026-04-07T22:25:22,other
pyproject.toml,C:\Users\RAVIPRAKASH\Downloads\NLP Project\srlqa\pyproject.toml,.toml,564,2026-04-07T18:46:59,other
scripts\__pycache__\generate_accurate_plots_docs_ppt.cpython-313.pyc,C:\Users\RAVIPRAKASH\Downloads\NLP Project\srlqa\scripts\__pycache__\generate_accurate_plots_docs_ppt.cpython-313.pyc,.pyc,86464,2026-04-07T22:01:56,other
srlqa\__pycache__\__init__.cpython-313.pyc,C:\Users\RAVIPRAKASH\Downloads\NLP Project\srlqa\srlqa\__pycache__\__init__.cpython-313.pyc,.pyc,359,2026-04-07T21:38:46,other
srlqa\__pycache__\config.cpython-313.pyc,C:\Users\RAVIPRAKASH\Downloads\NLP Project\srlqa\srlqa\__pycache__\config.cpython-313.pyc,.pyc,7628,2026-04-07T21:38:46,other
srlqa\__pycache__\main.cpython-313.pyc,C:\Users\RAVIPRAKASH\Downloads\NLP Project\srlqa\srlqa\__pycache__\main.cpython-313.pyc,.pyc,11844,2026-04-07T21:38:49,other
srlqa\__pycache__\model_hub.cpython-313.pyc,C:\Users\RAVIPRAKASH\Downloads\NLP Project\srlqa\srlqa\__pycache__\model_hub.cpython-313.pyc,.pyc,9439,2026-04-07T21:39:00,other
srlqa\__pycache__\pipeline.cpython-313.pyc,C:\Users\RAVIPRAKASH\Downloads\NLP Project\srlqa\srlqa\__pycache__\pipeline.cpython-313.pyc,.pyc,21560,2026-04-07T21:38:46,other
srlqa\decoding\__pycache__\__init__.cpython-313.pyc,C:\Users\RAVIPRAKASH\Downloads\NLP Project\srlqa\srlqa\decoding\__pycache__\__init__.cpython-313.pyc,.pyc,372,2026-04-07T21:38:46,other
srlqa\decoding\__pycache__\constrained_decoder.cpython-313.pyc,C:\Users\RAVIPRAKASH\Downloads\NLP Project\srlqa\srlqa\decoding\__pycache__\constrained_decoder.cpython-313.pyc,.pyc,3234,2026-04-07T21:38:46,other
srlqa\decoding\__pycache__\role_priors.cpython-313.pyc,C:\Users\RAVIPRAKASH\Downloads\NLP Project\srlqa\srlqa\decoding\__pycache__\role_priors.cpython-313.pyc,.pyc,843,2026-04-07T21:38:49,other
srlqa\decoding\__pycache__\span_rules.cpython-313.pyc,C:\Users\RAVIPRAKASH\Downloads\NLP Project\srlqa\srlqa\decoding\__pycache__\span_rules.cpython-313.pyc,.pyc,4405,2026-04-07T21:38:49,other
srlqa\evaluation\__pycache__\__init__.cpython-313.pyc,C:\Users\RAVIPRAKASH\Downloads\NLP Project\srlqa\srlqa\evaluation\__pycache__\__init__.cpython-313.pyc,.pyc,318,2026-04-07T21:38:49,other
srlqa\evaluation\__pycache__\span_metrics.cpython-313.pyc,C:\Users\RAVIPRAKASH\Downloads\NLP Project\srlqa\srlqa\evaluation\__pycache__\span_metrics.cpython-313.pyc,.pyc,4327,2026-04-07T21:38:49,other
srlqa\retrieval\__pycache__\__init__.cpython-313.pyc,C:\Users\RAVIPRAKASH\Downloads\NLP Project\srlqa\srlqa\retrieval\__pycache__\__init__.cpython-313.pyc,.pyc,384,2026-04-07T21:38:49,other
srlqa\retrieval\__pycache__\frame_retriever.cpython-313.pyc,C:\Users\RAVIPRAKASH\Downloads\NLP Project\srlqa\srlqa\retrieval\__pycache__\frame_retriever.cpython-313.pyc,.pyc,3996,2026-04-07T21:38:49,other
srlqa\retrieval\__pycache__\propbank_index.cpython-313.pyc,C:\Users\RAVIPRAKASH\Downloads\NLP Project\srlqa\srlqa\retrieval\__pycache__\propbank_index.cpython-313.pyc,.pyc,6869,2026-04-07T21:38:49,other
srlqa\verification\__pycache__\__init__.cpython-313.pyc,C:\Users\RAVIPRAKASH\Downloads\NLP Project\srlqa\srlqa\verification\__pycache__\__init__.cpython-313.pyc,.pyc,381,2026-04-07T21:38:49,other
srlqa\verification\__pycache__\self_correction.cpython-313.pyc,C:\Users\RAVIPRAKASH\Downloads\NLP Project\srlqa\srlqa\verification\__pycache__\self_correction.cpython-313.pyc,.pyc,2144,2026-04-07T21:38:49,other
srlqa\verification\__pycache__\span_verifier.cpython-313.pyc,C:\Users\RAVIPRAKASH\Downloads\NLP Project\srlqa\srlqa\verification\__pycache__\span_verifier.cpython-313.pyc,.pyc,3761,2026-04-07T21:38:49,other
plots\01_baseline_metrics.png,C:\Users\RAVIPRAKASH\Downloads\NLP Project\srlqa\plots\01_baseline_metrics.png,.png,43724,2026-04-07T21:28:29,plot_or_image
plots\02_dataset_counts.png,C:\Users\RAVIPRAKASH\Downloads\NLP Project\srlqa\plots\02_dataset_counts.png,.png,52726,2026-04-07T21:28:29,plot_or_image
plots\03_normalized_coverage.png,C:\Users\RAVIPRAKASH\Downloads\NLP Project\srlqa\plots\03_normalized_coverage.png,.png,56662,2026-04-07T21:28:29,plot_or_image
plots\04_benchmark_accuracy.png,C:\Users\RAVIPRAKASH\Downloads\NLP Project\srlqa\plots\04_benchmark_accuracy.png,.png,61880,2026-04-07T21:28:30,plot_or_image
plots\05_challenge_vs_test_f1.png,C:\Users\RAVIPRAKASH\Downloads\NLP Project\srlqa\plots\05_challenge_vs_test_f1.png,.png,64633,2026-04-07T21:28:30,plot_or_image
plots\06_role_accuracy_by_track.png,C:\Users\RAVIPRAKASH\Downloads\NLP Project\srlqa\plots\06_role_accuracy_by_track.png,.png,58417,2026-04-07T21:28:30,plot_or_image
plots\07_latency_accuracy_tradeoff.png,C:\Users\RAVIPRAKASH\Downloads\NLP Project\srlqa\plots\07_latency_accuracy_tradeoff.png,.png,54351,2026-04-07T21:28:30,plot_or_image
plots\08_all_model_confidence.png,C:\Users\RAVIPRAKASH\Downloads\NLP Project\srlqa\plots\08_all_model_confidence.png,.png,45095,2026-04-07T21:28:30,plot_or_image
plots\09_all_model_demo_f1.png,C:\Users\RAVIPRAKASH\Downloads\NLP Project\srlqa\plots\09_all_model_demo_f1.png,.png,40168,2026-04-07T21:28:31,plot_or_image
plots\10_innovation_readiness.png,C:\Users\RAVIPRAKASH\Downloads\NLP Project\srlqa\plots\10_innovation_readiness.png,.png,50607,2026-04-07T21:28:31,plot_or_image
plots\11_roadmap_ladder.png,C:\Users\RAVIPRAKASH\Downloads\NLP Project\srlqa\plots\11_roadmap_ladder.png,.png,55864,2026-04-07T21:28:31,plot_or_image
plots\12_risk_heatmap.png,C:\Users\RAVIPRAKASH\Downloads\NLP Project\srlqa\plots\12_risk_heatmap.png,.png,63335,2026-04-07T21:28:31,plot_or_image
plots\13_workspace_architecture.png,C:\Users\RAVIPRAKASH\Downloads\NLP Project\srlqa\plots\13_workspace_architecture.png,.png,65659,2026-04-07T21:28:32,plot_or_image
plots\14_data_pipeline.png,C:\Users\RAVIPRAKASH\Downloads\NLP Project\srlqa\plots\14_data_pipeline.png,.png,64199,2026-04-07T21:28:32,plot_or_image
plots\15_propqa_architecture.png,C:\Users\RAVIPRAKASH\Downloads\NLP Project\srlqa\plots\15_propqa_architecture.png,.png,64721,2026-04-07T21:28:32,plot_or_image
plots\16_legacy_hybrid_architecture.png,C:\Users\RAVIPRAKASH\Downloads\NLP Project\srlqa\plots\16_legacy_hybrid_architecture.png,.png,63939,2026-04-07T21:28:32,plot_or_image
plots\17_raise_architecture.png,C:\Users\RAVIPRAKASH\Downloads\NLP Project\srlqa\plots\17_raise_architecture.png,.png,65708,2026-04-07T21:28:32,plot_or_image
plots\18_model_hub_architecture.png,C:\Users\RAVIPRAKASH\Downloads\NLP Project\srlqa\plots\18_model_hub_architecture.png,.png,61778,2026-04-07T21:28:33,plot_or_image
plots\19_retrieval_architecture.png,C:\Users\RAVIPRAKASH\Downloads\NLP Project\srlqa\plots\19_retrieval_architecture.png,.png,64176,2026-04-07T21:28:33,plot_or_image
plots\20_constrained_decoding.png,C:\Users\RAVIPRAKASH\Downloads\NLP Project\srlqa\plots\20_constrained_decoding.png,.png,69433,2026-04-07T21:28:33,plot_or_image
plots\21_verifier_correction.png,C:\Users\RAVIPRAKASH\Downloads\NLP Project\srlqa\plots\21_verifier_correction.png,.png,62495,2026-04-07T21:28:33,plot_or_image
plots\22_hard_negative_mining.png,C:\Users\RAVIPRAKASH\Downloads\NLP Project\srlqa\plots\22_hard_negative_mining.png,.png,65129,2026-04-07T21:28:34,plot_or_image
plots\23_distillation_architecture.png,C:\Users\RAVIPRAKASH\Downloads\NLP Project\srlqa\plots\23_distillation_architecture.png,.png,63073,2026-04-07T21:28:34,plot_or_image
plots\24_nominal_proto_architecture.png,C:\Users\RAVIPRAKASH\Downloads\NLP Project\srlqa\plots\24_nominal_proto_architecture.png,.png,67116,2026-04-07T21:28:34,plot_or_image
plots\25_ensemble_leaderboard.png,C:\Users\RAVIPRAKASH\Downloads\NLP Project\srlqa\plots\25_ensemble_leaderboard.png,.png,65902,2026-04-07T21:28:34,plot_or_image
plots\26_experiment_roadmap.png,C:\Users\RAVIPRAKASH\Downloads\NLP Project\srlqa\plots\26_experiment_roadmap.png,.png,64653,2026-04-07T21:28:34,plot_or_image
plots\27_experiment_matrix_table.png,C:\Users\RAVIPRAKASH\Downloads\NLP Project\srlqa\plots\27_experiment_matrix_table.png,.png,72391,2026-04-07T21:28:35,plot_or_image
plots\28_innovation_status_table.png,C:\Users\RAVIPRAKASH\Downloads\NLP Project\srlqa\plots\28_innovation_status_table.png,.png,82937,2026-04-07T21:28:35,plot_or_image
plots\29_claim_boundaries_table.png,C:\Users\RAVIPRAKASH\Downloads\NLP Project\srlqa\plots\29_claim_boundaries_table.png,.png,59817,2026-04-07T21:28:35,plot_or_image
plots\30_all_model_answer_table.png,C:\Users\RAVIPRAKASH\Downloads\NLP Project\srlqa\plots\30_all_model_answer_table.png,.png,70694,2026-04-07T21:28:35,plot_or_image
plots\accurate_assets\01_baseline_metric_bars.png,C:\Users\RAVIPRAKASH\Downloads\NLP Project\srlqa\plots\accurate_assets\01_baseline_metric_bars.png,.png,62258,2026-04-07T22:03:21,plot_or_image
plots\accurate_assets\02_srl_precision_recall_f1.png,C:\Users\RAVIPRAKASH\Downloads\NLP Project\srlqa\plots\accurate_assets\02_srl_precision_recall_f1.png,.png,54699,2026-04-07T22:03:22,plot_or_image
plots\accurate_assets\03_dataset_count_bars.png,C:\Users\RAVIPRAKASH\Downloads\NLP Project\srlqa\plots\accurate_assets\03_dataset_count_bars.png,.png,81428,2026-04-07T22:03:22,plot_or_image
plots\accurate_assets\04_question_type_distribution.png,C:\Users\RAVIPRAKASH\Downloads\NLP Project\srlqa\plots\accurate_assets\04_question_type_distribution.png,.png,61263,2026-04-07T22:03:22,plot_or_image
plots\accurate_assets\05_top_argument_type_counts.png,C:\Users\RAVIPRAKASH\Downloads\NLP Project\srlqa\plots\accurate_assets\05_top_argument_type_counts.png,.png,113140,2026-04-07T22:03:23,plot_or_image
plots\accurate_assets\06_sentence_length_distribution.png,C:\Users\RAVIPRAKASH\Downloads\NLP Project\srlqa\plots\accurate_assets\06_sentence_length_distribution.png,.png,49247,2026-04-07T22:03:23,plot_or_image
plots\accurate_assets\07_answer_length_distribution.png,C:\Users\RAVIPRAKASH\Downloads\NLP Project\srlqa\plots\accurate_assets\07_answer_length_distribution.png,.png,42271,2026-04-07T22:03:23,plot_or_image
plots\accurate_assets\08_top_role_support_f1.png,C:\Users\RAVIPRAKASH\Downloads\NLP Project\srlqa\plots\accurate_assets\08_top_role_support_f1.png,.png,118334,2026-04-07T22:03:23,plot_or_image
plots\accurate_assets\09_top_role_f1_scores.png,C:\Users\RAVIPRAKASH\Downloads\NLP Project\srlqa\plots\accurate_assets\09_top_role_f1_scores.png,.png,119596,2026-04-07T22:03:24,plot_or_image
plots\accurate_assets\10_role_f1_macro_gap.png,C:\Users\RAVIPRAKASH\Downloads\NLP Project\srlqa\plots\accurate_assets\10_role_f1_macro_gap.png,.png,55441,2026-04-07T22:03:24,plot_or_image
plots\accurate_assets\11_benchmark_combined_accuracy.png,C:\Users\RAVIPRAKASH\Downloads\NLP Project\srlqa\plots\accurate_assets\11_benchmark_combined_accuracy.png,.png,90490,2026-04-07T22:03:25,plot_or_image
plots\accurate_assets\12_benchmark_token_f1_by_split.png,C:\Users\RAVIPRAKASH\Downloads\NLP Project\srlqa\plots\accurate_assets\12_benchmark_token_f1_by_split.png,.png,86141,2026-04-07T22:03:25,plot_or_image
plots\accurate_assets\13_benchmark_exact_match_by_split.png,C:\Users\RAVIPRAKASH\Downloads\NLP Project\srlqa\plots\accurate_assets\13_benchmark_exact_match_by_split.png,.png,87809,2026-04-07T22:03:25,plot_or_image
plots\accurate_assets\14_benchmark_role_accuracy_by_split.png,C:\Users\RAVIPRAKASH\Downloads\NLP Project\srlqa\plots\accurate_assets\14_benchmark_role_accuracy_by_split.png,.png,89715,2026-04-07T22:03:26,plot_or_image
plots\accurate_assets\15_latency_by_track_split.png,C:\Users\RAVIPRAKASH\Downloads\NLP Project\srlqa\plots\accurate_assets\15_latency_by_track_split.png,.png,110010,2026-04-07T22:03:26,plot_or_image
plots\accurate_assets\16_confidence_by_track_split.png,C:\Users\RAVIPRAKASH\Downloads\NLP Project\srlqa\plots\accurate_assets\16_confidence_by_track_split.png,.png,87889,2026-04-07T22:03:26,plot_or_image
plots\accurate_assets\17_challenge_question_type_f1_heatmap.png,C:\Users\RAVIPRAKASH\Downloads\NLP Project\srlqa\plots\accurate_assets\17_challenge_question_type_f1_heatmap.png,.png,99253,2026-04-07T22:03:27,plot_or_image
plots\accurate_assets\18_test_question_type_f1_heatmap.png,C:\Users\RAVIPRAKASH\Downloads\NLP Project\srlqa\plots\accurate_assets\18_test_question_type_f1_heatmap.png,.png,92974,2026-04-07T22:03:28,plot_or_image
plots\accurate_assets\19_challenge_role_f1_heatmap.png,C:\Users\RAVIPRAKASH\Downloads\NLP Project\srlqa\plots\accurate_assets\19_challenge_role_f1_heatmap.png,.png,97140,2026-04-07T22:03:28,plot_or_image
plots\accurate_assets\20_full_hybrid_test_role_f1.png,C:\Users\RAVIPRAKASH\Downloads\NLP Project\srlqa\plots\accurate_assets\20_full_hybrid_test_role_f1.png,.png,76025,2026-04-07T22:03:29,plot_or_image
plots\accurate_assets\21_combined_improvement_over_classical.png,C:\Users\RAVIPRAKASH\Downloads\NLP Project\srlqa\plots\accurate_assets\21_combined_improvement_over_classical.png,.png,74162,2026-04-07T22:03:29,plot_or_image
plots\accurate_assets\22_seed_suite_per_example_confidence.png,C:\Users\RAVIPRAKASH\Downloads\NLP Project\srlqa\plots\accurate_assets\22_seed_suite_per_example_confidence.png,.png,58802,2026-04-07T22:03:30,plot_or_image
plots\accurate_assets\23_seed_suite_by_diagnostic_f1.png,C:\Users\RAVIPRAKASH\Downloads\NLP Project\srlqa\plots\accurate_assets\23_seed_suite_by_diagnostic_f1.png,.png,114135,2026-04-07T22:03:30,plot_or_image
plots\accurate_assets\24_seed_suite_by_question_type_f1.png,C:\Users\RAVIPRAKASH\Downloads\NLP Project\srlqa\plots\accurate_assets\24_seed_suite_by_question_type_f1.png,.png,56531,2026-04-07T22:03:30,plot_or_image
plots\accurate_assets\25_all_model_smoke_scores.png,C:\Users\RAVIPRAKASH\Downloads\NLP Project\srlqa\plots\accurate_assets\25_all_model_smoke_scores.png,.png,92248,2026-04-07T22:03:31,plot_or_image
plots\accurate_assets\26_all_model_latency_confidence.png,C:\Users\RAVIPRAKASH\Downloads\NLP Project\srlqa\plots\accurate_assets\26_all_model_latency_confidence.png,.png,67814,2026-04-07T22:03:32,plot_or_image
plots\accurate_assets\27_all_model_answer_table.png,C:\Users\RAVIPRAKASH\Downloads\NLP Project\srlqa\plots\accurate_assets\27_all_model_answer_table.png,.png,79498,2026-04-07T22:03:33,plot_or_image
plots\accurate_assets\28_frame_store_summary.png,C:\Users\RAVIPRAKASH\Downloads\NLP Project\srlqa\plots\accurate_assets\28_frame_store_summary.png,.png,68261,2026-04-07T22:03:33,plot_or_image
plots\accurate_assets\29_frame_role_distribution.png,C:\Users\RAVIPRAKASH\Downloads\NLP Project\srlqa\plots\accurate_assets\29_frame_role_distribution.png,.png,54958,2026-04-07T22:03:34,plot_or_image
plots\accurate_assets\30_file_category_counts.png,C:\Users\RAVIPRAKASH\Downloads\NLP Project\srlqa\plots\accurate_assets\30_file_category_counts.png,.png,74860,2026-04-07T22:03:34,plot_or_image
plots\accurate_assets\31_python_module_nonempty_loc.png,C:\Users\RAVIPRAKASH\Downloads\NLP Project\srlqa\plots\accurate_assets\31_python_module_nonempty_loc.png,.png,169663,2026-04-07T22:03:35,plot_or_image
plots\accurate_assets\32_python_classes_functions.png,C:\Users\RAVIPRAKASH\Downloads\NLP Project\srlqa\plots\accurate_assets\32_python_classes_functions.png,.png,157154,2026-04-07T22:03:36,plot_or_image
plots\accurate_assets\33_innovation_evidence_matrix_table.png,C:\Users\RAVIPRAKASH\Downloads\NLP Project\srlqa\plots\accurate_assets\33_innovation_evidence_matrix_table.png,.png,218608,2026-04-07T22:03:36,plot_or_image
plots\accurate_assets\34_accuracy_values_table.png,C:\Users\RAVIPRAKASH\Downloads\NLP Project\srlqa\plots\accurate_assets\34_accuracy_values_table.png,.png,105825,2026-04-07T22:03:37,plot_or_image
plots\accurate_assets\35_dataset_values_table.png,C:\Users\RAVIPRAKASH\Downloads\NLP Project\srlqa\plots\accurate_assets\35_dataset_values_table.png,.png,98937,2026-04-07T22:03:37,plot_or_image
plots\accurate_assets\36_benchmark_best_values_table.png,C:\Users\RAVIPRAKASH\Downloads\NLP Project\srlqa\plots\accurate_assets\36_benchmark_best_values_table.png,.png,108414,2026-04-07T22:03:37,plot_or_image
plots\accurate_assets\37_claim_boundary_table.png,C:\Users\RAVIPRAKASH\Downloads\NLP Project\srlqa\plots\accurate_assets\37_claim_boundary_table.png,.png,75223,2026-04-07T22:03:37,plot_or_image
plots\accurate_assets\38_risk_heatmap.png,C:\Users\RAVIPRAKASH\Downloads\NLP Project\srlqa\plots\accurate_assets\38_risk_heatmap.png,.png,72282,2026-04-07T22:03:38,plot_or_image
plots\accurate_assets\39_roadmap_ladder.png,C:\Users\RAVIPRAKASH\Downloads\NLP Project\srlqa\plots\accurate_assets\39_roadmap_ladder.png,.png,77344,2026-04-07T22:03:38,plot_or_image
plots\accurate_assets\40_evaluation_maturity.png,C:\Users\RAVIPRAKASH\Downloads\NLP Project\srlqa\plots\accurate_assets\40_evaluation_maturity.png,.png,93703,2026-04-07T22:03:38,plot_or_image
plots\accurate_assets\41_workspace_architecture.png,C:\Users\RAVIPRAKASH\Downloads\NLP Project\srlqa\plots\accurate_assets\41_workspace_architecture.png,.png,91157,2026-04-07T22:03:39,plot_or_image
plots\accurate_assets\42_data_pipeline_architecture.png,C:\Users\RAVIPRAKASH\Downloads\NLP Project\srlqa\plots\accurate_assets\42_data_pipeline_architecture.png,.png,71536,2026-04-07T22:03:39,plot_or_image
plots\accurate_assets\43_raise_architecture.png,C:\Users\RAVIPRAKASH\Downloads\NLP Project\srlqa\plots\accurate_assets\43_raise_architecture.png,.png,88019,2026-04-07T22:03:39,plot_or_image
plots\accurate_assets\44_model_hub_architecture.png,C:\Users\RAVIPRAKASH\Downloads\NLP Project\srlqa\plots\accurate_assets\44_model_hub_architecture.png,.png,82302,2026-04-07T22:03:40,plot_or_image
plots\accurate_assets\45_retrieval_architecture.png,C:\Users\RAVIPRAKASH\Downloads\NLP Project\srlqa\plots\accurate_assets\45_retrieval_architecture.png,.png,73271,2026-04-07T22:03:40,plot_or_image
plots\accurate_assets\46_constrained_decoding_architecture.png,C:\Users\RAVIPRAKASH\Downloads\NLP Project\srlqa\plots\accurate_assets\46_constrained_decoding_architecture.png,.png,89654,2026-04-07T22:03:40,plot_or_image
plots\accurate_assets\47_verifier_correction_architecture.png,C:\Users\RAVIPRAKASH\Downloads\NLP Project\srlqa\plots\accurate_assets\47_verifier_correction_architecture.png,.png,84862,2026-04-07T22:03:41,plot_or_image
plots\accurate_assets\48_mrc_reader_architecture.png,C:\Users\RAVIPRAKASH\Downloads\NLP Project\srlqa\plots\accurate_assets\48_mrc_reader_architecture.png,.png,82744,2026-04-07T22:03:41,plot_or_image
plots\accurate_assets\49_hard_negative_architecture.png,C:\Users\RAVIPRAKASH\Downloads\NLP Project\srlqa\plots\accurate_assets\49_hard_negative_architecture.png,.png,79027,2026-04-07T22:03:41,plot_or_image
plots\accurate_assets\50_distillation_architecture.png,C:\Users\RAVIPRAKASH\Downloads\NLP Project\srlqa\plots\accurate_assets\50_distillation_architecture.png,.png,79506,2026-04-07T22:03:42,plot_or_image
plots\accurate_assets\51_nominal_proto_architecture.png,C:\Users\RAVIPRAKASH\Downloads\NLP Project\srlqa\plots\accurate_assets\51_nominal_proto_architecture.png,.png,85530,2026-04-07T22:03:42,plot_or_image
plots\accurate_assets\52_ensemble_leaderboard_architecture.png,C:\Users\RAVIPRAKASH\Downloads\NLP Project\srlqa\plots\accurate_assets\52_ensemble_leaderboard_architecture.png,.png,80860,2026-04-07T22:03:42,plot_or_image
plots\accurate_assets\53_evaluation_protocol_architecture.png,C:\Users\RAVIPRAKASH\Downloads\NLP Project\srlqa\plots\accurate_assets\53_evaluation_protocol_architecture.png,.png,85167,2026-04-07T22:03:42,plot_or_image
plots\accurate_assets\54_documentation_generation_architecture.png,C:\Users\RAVIPRAKASH\Downloads\NLP Project\srlqa\plots\accurate_assets\54_documentation_generation_architecture.png,.png,89785,2026-04-07T22:03:43,plot_or_image
plots\accurate_assets\55_streamlit_app_architecture.png,C:\Users\RAVIPRAKASH\Downloads\NLP Project\srlqa\plots\accurate_assets\55_streamlit_app_architecture.png,.png,81345,2026-04-07T22:03:43,plot_or_image
plots\accurate_assets\56_cli_architecture.png,C:\Users\RAVIPRAKASH\Downloads\NLP Project\srlqa\plots\accurate_assets\56_cli_architecture.png,.png,68662,2026-04-07T22:03:43,plot_or_image
results\visual_assets\all_model_confidence.png,C:\Users\RAVIPRAKASH\Downloads\NLP Project\srlqa\results\visual_assets\all_model_confidence.png,.png,41316,2026-04-07T21:24:42,plot_or_image
results\visual_assets\baseline_metrics.png,C:\Users\RAVIPRAKASH\Downloads\NLP Project\srlqa\results\visual_assets\baseline_metrics.png,.png,36803,2026-04-07T21:24:41,plot_or_image
results\visual_assets\benchmark_tracks.png,C:\Users\RAVIPRAKASH\Downloads\NLP Project\srlqa\results\visual_assets\benchmark_tracks.png,.png,57010,2026-04-07T21:24:41,plot_or_image
results\visual_assets\challenge_vs_test.png,C:\Users\RAVIPRAKASH\Downloads\NLP Project\srlqa\results\visual_assets\challenge_vs_test.png,.png,57927,2026-04-07T21:24:41,plot_or_image
results\visual_assets\dataset_coverage.png,C:\Users\RAVIPRAKASH\Downloads\NLP Project\srlqa\results\visual_assets\dataset_coverage.png,.png,53827,2026-04-07T21:24:41,plot_or_image
results\visual_assets\innovation_readiness.png,C:\Users\RAVIPRAKASH\Downloads\NLP Project\srlqa\results\visual_assets\innovation_readiness.png,.png,50985,2026-04-07T21:24:42,plot_or_image
results\visual_assets\latency_tradeoff.png,C:\Users\RAVIPRAKASH\Downloads\NLP Project\srlqa\results\visual_assets\latency_tradeoff.png,.png,45839,2026-04-07T21:24:41,plot_or_image
results\visual_assets\risk_heatmap.png,C:\Users\RAVIPRAKASH\Downloads\NLP Project\srlqa\results\visual_assets\risk_heatmap.png,.png,55395,2026-04-07T21:24:42,plot_or_image
results\visual_assets\roadmap_ladder.png,C:\Users\RAVIPRAKASH\Downloads\NLP Project\srlqa\results\visual_assets\roadmap_ladder.png,.png,58921,2026-04-07T21:24:42,plot_or_image
RAISE_SRLQA_HUGE_VISUAL_DECK.pptx,C:\Users\RAVIPRAKASH\Downloads\NLP Project\srlqa\RAISE_SRLQA_HUGE_VISUAL_DECK.pptx,.pptx,3471828,2026-04-07T21:24:43,presentation
RAISE_SRLQA_PLOTS_FULL_PRESENTATION.pptx,C:\Users\RAVIPRAKASH\Downloads\NLP Project\srlqa\RAISE_SRLQA_PLOTS_FULL_PRESENTATION.pptx,.pptx,5419986,2026-04-07T21:48:27,presentation
plots\RAISE_SRLQA_ACCURATE_EXPANDED_PRESENTATION.pptx,C:\Users\RAVIPRAKASH\Downloads\NLP Project\srlqa\plots\RAISE_SRLQA_ACCURATE_EXPANDED_PRESENTATION.pptx,.pptx,8626213,2026-04-07T22:03:45,presentation
output_temp_model_demo.json,C:\Users\RAVIPRAKASH\Downloads\NLP Project\srlqa\output_temp_model_demo.json,.json,23792,2026-04-07T21:54:47,result_or_config
plots\EXACT_VALUES.json,C:\Users\RAVIPRAKASH\Downloads\NLP Project\srlqa\plots\EXACT_VALUES.json,.json,45497,2026-04-07T22:03:43,result_or_config
results\eval_manifest.json,C:\Users\RAVIPRAKASH\Downloads\NLP Project\srlqa\results\eval_manifest.json,.json,994,2026-04-07T18:53:35,result_or_config
retrieval\frame_store.json,C:\Users\RAVIPRAKASH\Downloads\NLP Project\srlqa\retrieval\frame_store.json,.json,4196456,2026-04-07T18:54:34,result_or_config
app.py,C:\Users\RAVIPRAKASH\Downloads\NLP Project\srlqa\app.py,.py,151,2026-04-07T19:15:40,script
main.py,C:\Users\RAVIPRAKASH\Downloads\NLP Project\srlqa\main.py,.py,141,2026-04-07T18:46:59,script
output\code\data_loading.py,C:\Users\RAVIPRAKASH\Downloads\NLP Project\srlqa\output\code\data_loading.py,.py,218,2026-04-07T22:25:28,script
output\code\eda.py,C:\Users\RAVIPRAKASH\Downloads\NLP Project\srlqa\output\code\eda.py,.py,49,2026-04-07T22:25:28,script
output\code\evaluation_pipeline.py,C:\Users\RAVIPRAKASH\Downloads\NLP Project\srlqa\output\code\evaluation_pipeline.py,.py,230,2026-04-07T22:25:28,script
output\code\full_analysis_pipeline.py,C:\Users\RAVIPRAKASH\Downloads\NLP Project\srlqa\output\code\full_analysis_pipeline.py,.py,62040,2026-04-07T22:25:17,script
output\code\metric_computation.py,C:\Users\RAVIPRAKASH\Downloads\NLP Project\srlqa\output\code\metric_computation.py,.py,193,2026-04-07T22:25:28,script
output\code\visualization.py,C:\Users\RAVIPRAKASH\Downloads\NLP Project\srlqa\output\code\visualization.py,.py,49,2026-04-07T22:25:28,script
raise_streamlit_app.py,C:\Users\RAVIPRAKASH\Downloads\NLP Project\srlqa\raise_streamlit_app.py,.py,6524,2026-04-07T19:15:36,script
run_all_models.py,C:\Users\RAVIPRAKASH\Downloads\NLP Project\srlqa\run_all_models.py,.py,3937,2026-04-07T19:39:43,script
scripts\build_frame_index.py,C:\Users\RAVIPRAKASH\Downloads\NLP Project\srlqa\scripts\build_frame_index.py,.py,107,2026-04-07T18:53:35,script
scripts\build_full_visuals_ppt.py,C:\Users\RAVIPRAKASH\Downloads\NLP Project\srlqa\scripts\build_full_visuals_ppt.py,.py,38748,2026-04-07T21:20:42,script
scripts\build_plots_folder_ppt.py,C:\Users\RAVIPRAKASH\Downloads\NLP Project\srlqa\scripts\build_plots_folder_ppt.py,.py,18098,2026-04-07T21:28:19,script
scripts\build_srlqa_huge_visual_deck.py,C:\Users\RAVIPRAKASH\Downloads\NLP Project\srlqa\scripts\build_srlqa_huge_visual_deck.py,.py,16447,2026-04-07T21:23:38,script
scripts\download_assets.py,C:\Users\RAVIPRAKASH\Downloads\NLP Project\srlqa\scripts\download_assets.py,.py,121,2026-04-07T18:53:35,script
scripts\generate_accurate_plots_docs_ppt.py,C:\Users\RAVIPRAKASH\Downloads\NLP Project\srlqa\scripts\generate_accurate_plots_docs_ppt.py,.py,70846,2026-04-07T21:59:42,script
srlqa\__init__.py,C:\Users\RAVIPRAKASH\Downloads\NLP Project\srlqa\srlqa\__init__.py,.py,177,2026-04-07T19:03:10,script
srlqa\config.py,C:\Users\RAVIPRAKASH\Downloads\NLP Project\srlqa\srlqa\config.py,.py,4478,2026-04-07T18:56:32,script
srlqa\data\__init__.py,C:\Users\RAVIPRAKASH\Downloads\NLP Project\srlqa\srlqa\data\__init__.py,.py,53,2026-04-07T18:48:00,script
srlqa\data\convert_to_mrc.py,C:\Users\RAVIPRAKASH\Downloads\NLP Project\srlqa\srlqa\data\convert_to_mrc.py,.py,7222,2026-04-07T18:48:00,script
srlqa\data\dataset_library.py,C:\Users\RAVIPRAKASH\Downloads\NLP Project\srlqa\srlqa\data\dataset_library.py,.py,3798,2026-04-07T18:56:32,script
srlqa\decoding\__init__.py,C:\Users\RAVIPRAKASH\Downloads\NLP Project\srlqa\srlqa\decoding\__init__.py,.py,180,2026-04-07T18:50:20,script
srlqa\decoding\constrained_decoder.py,C:\Users\RAVIPRAKASH\Downloads\NLP Project\srlqa\srlqa\decoding\constrained_decoder.py,.py,2196,2026-04-07T18:50:20,script
srlqa\decoding\role_priors.py,C:\Users\RAVIPRAKASH\Downloads\NLP Project\srlqa\srlqa\decoding\role_priors.py,.py,517,2026-04-07T18:50:20,script
srlqa\decoding\span_rules.py,C:\Users\RAVIPRAKASH\Downloads\NLP Project\srlqa\srlqa\decoding\span_rules.py,.py,2508,2026-04-07T18:50:20,script
srlqa\distillation\__init__.py,C:\Users\RAVIPRAKASH\Downloads\NLP Project\srlqa\srlqa\distillation\__init__.py,.py,47,2026-04-07T18:51:16,script
srlqa\distillation\filter_teacher_labels.py,C:\Users\RAVIPRAKASH\Downloads\NLP Project\srlqa\srlqa\distillation\filter_teacher_labels.py,.py,1030,2026-04-07T18:51:16,script
srlqa\distillation\teacher_runner.py,C:\Users\RAVIPRAKASH\Downloads\NLP Project\srlqa\srlqa\distillation\teacher_runner.py,.py,932,2026-04-07T18:51:16,script
srlqa\distillation\train_student.py,C:\Users\RAVIPRAKASH\Downloads\NLP Project\srlqa\srlqa\distillation\train_student.py,.py,397,2026-04-07T18:51:16,script
srlqa\ensemble\__init__.py,C:\Users\RAVIPRAKASH\Downloads\NLP Project\srlqa\srlqa\ensemble\__init__.py,.py,27,2026-04-07T18:52:05,script
srlqa\ensemble\calibrated_confidence.py,C:\Users\RAVIPRAKASH\Downloads\NLP Project\srlqa\srlqa\ensemble\calibrated_confidence.py,.py,373,2026-04-07T18:52:05,script
srlqa\ensemble\weighted_voter.py,C:\Users\RAVIPRAKASH\Downloads\NLP Project\srlqa\srlqa\ensemble\weighted_voter.py,.py,1218,2026-04-07T18:52:05,script
srlqa\evaluation\__init__.py,C:\Users\RAVIPRAKASH\Downloads\NLP Project\srlqa\srlqa\evaluation\__init__.py,.py,114,2026-04-07T18:52:05,script
srlqa\evaluation\calibration.py,C:\Users\RAVIPRAKASH\Downloads\NLP Project\srlqa\srlqa\evaluation\calibration.py,.py,1225,2026-04-07T18:52:05,script
srlqa\evaluation\offline_eval.py,C:\Users\RAVIPRAKASH\Downloads\NLP Project\srlqa\srlqa\evaluation\offline_eval.py,.py,1777,2026-04-07T18:52:05,script
srlqa\evaluation\span_metrics.py,C:\Users\RAVIPRAKASH\Downloads\NLP Project\srlqa\srlqa\evaluation\span_metrics.py,.py,2219,2026-04-07T18:52:05,script
srlqa\main.py,C:\Users\RAVIPRAKASH\Downloads\NLP Project\srlqa\srlqa\main.py,.py,8388,2026-04-07T19:11:50,script
srlqa\model_hub.py,C:\Users\RAVIPRAKASH\Downloads\NLP Project\srlqa\srlqa\model_hub.py,.py,6723,2026-04-07T19:14:24,script
srlqa\models\__init__.py,C:\Users\RAVIPRAKASH\Downloads\NLP Project\srlqa\srlqa\models\__init__.py,.py,93,2026-04-07T18:49:17,script
srlqa\models\mrc_srl_qa.py,C:\Users\RAVIPRAKASH\Downloads\NLP Project\srlqa\srlqa\models\mrc_srl_qa.py,.py,5257,2026-04-07T18:49:17,script
srlqa\nominal\__init__.py,C:\Users\RAVIPRAKASH\Downloads\NLP Project\srlqa\srlqa\nominal\__init__.py,.py,41,2026-04-07T18:51:16,script
srlqa\nominal\nominal_detector.py,C:\Users\RAVIPRAKASH\Downloads\NLP Project\srlqa\srlqa\nominal\nominal_detector.py,.py,543,2026-04-07T18:51:16,script
srlqa\nominal\nominal_eval.py,C:\Users\RAVIPRAKASH\Downloads\NLP Project\srlqa\srlqa\nominal\nominal_eval.py,.py,615,2026-04-07T18:51:16,script
srlqa\nominal\qa_noun_templates.py,C:\Users\RAVIPRAKASH\Downloads\NLP Project\srlqa\srlqa\nominal\qa_noun_templates.py,.py,540,2026-04-07T18:51:16,script
srlqa\pipeline.py,C:\Users\RAVIPRAKASH\Downloads\NLP Project\srlqa\srlqa\pipeline.py,.py,17007,2026-04-07T19:09:37,script
srlqa\proto_roles\__init__.py,C:\Users\RAVIPRAKASH\Downloads\NLP Project\srlqa\srlqa\proto_roles\__init__.py,.py,38,2026-04-07T18:51:16,script
srlqa\proto_roles\minimal_pair_suite.py,C:\Users\RAVIPRAKASH\Downloads\NLP Project\srlqa\srlqa\proto_roles\minimal_pair_suite.py,.py,433,2026-04-07T18:51:16,script
srlqa\proto_roles\proto_role_aux_loss.py,C:\Users\RAVIPRAKASH\Downloads\NLP Project\srlqa\srlqa\proto_roles\proto_role_aux_loss.py,.py,297,2026-04-07T18:51:16,script
srlqa\proto_roles\proto_role_features.py,C:\Users\RAVIPRAKASH\Downloads\NLP Project\srlqa\srlqa\proto_roles\proto_role_features.py,.py,639,2026-04-07T18:51:16,script
srlqa\reports\__init__.py,C:\Users\RAVIPRAKASH\Downloads\NLP Project\srlqa\srlqa\reports\__init__.py,.py,26,2026-04-07T18:52:05,script
srlqa\reports\leaderboard.py,C:\Users\RAVIPRAKASH\Downloads\NLP Project\srlqa\srlqa\reports\leaderboard.py,.py,1077,2026-04-07T18:52:05,script
srlqa\retrieval\__init__.py,C:\Users\RAVIPRAKASH\Downloads\NLP Project\srlqa\srlqa\retrieval\__init__.py,.py,188,2026-04-07T18:50:20,script
srlqa\retrieval\build_frame_index.py,C:\Users\RAVIPRAKASH\Downloads\NLP Project\srlqa\srlqa\retrieval\build_frame_index.py,.py,462,2026-04-07T18:50:20,script
srlqa\retrieval\frame_retriever.py,C:\Users\RAVIPRAKASH\Downloads\NLP Project\srlqa\srlqa\retrieval\frame_retriever.py,.py,1951,2026-04-07T18:50:20,script
srlqa\retrieval\propbank_index.py,C:\Users\RAVIPRAKASH\Downloads\NLP Project\srlqa\srlqa\retrieval\propbank_index.py,.py,4018,2026-04-07T18:50:20,script
srlqa\training\__init__.py,C:\Users\RAVIPRAKASH\Downloads\NLP Project\srlqa\srlqa\training\__init__.py,.py,25,2026-04-07T18:49:17,script
srlqa\training\collators.py,C:\Users\RAVIPRAKASH\Downloads\NLP Project\srlqa\srlqa\training\collators.py,.py,3744,2026-04-07T18:49:17,script
srlqa\training\hard_negative_mining.py,C:\Users\RAVIPRAKASH\Downloads\NLP Project\srlqa\srlqa\training\hard_negative_mining.py,.py,1875,2026-04-07T18:49:17,script
srlqa\training\losses.py,C:\Users\RAVIPRAKASH\Downloads\NLP Project\srlqa\srlqa\training\losses.py,.py,1347,2026-04-07T18:49:17,script
srlqa\training\ranking_loss.py,C:\Users\RAVIPRAKASH\Downloads\NLP Project\srlqa\srlqa\training\ranking_loss.py,.py,689,2026-04-07T18:49:17,script
srlqa\training\train_mrc_srl.py,C:\Users\RAVIPRAKASH\Downloads\NLP Project\srlqa\srlqa\training\train_mrc_srl.py,.py,2009,2026-04-07T18:49:17,script
srlqa\verification\__init__.py,C:\Users\RAVIPRAKASH\Downloads\NLP Project\srlqa\srlqa\verification\__init__.py,.py,183,2026-04-07T18:51:16,script
srlqa\verification\self_correction.py,C:\Users\RAVIPRAKASH\Downloads\NLP Project\srlqa\srlqa\verification\self_correction.py,.py,1053,2026-04-07T18:51:16,script
srlqa\verification\span_verifier.py,C:\Users\RAVIPRAKASH\Downloads\NLP Project\srlqa\srlqa\verification\span_verifier.py,.py,2231,2026-04-07T18:51:16,script
srlqa\verification\verifier_training_data.py,C:\Users\RAVIPRAKASH\Downloads\NLP Project\srlqa\srlqa\verification\verifier_training_data.py,.py,1022,2026-04-07T18:51:16,script
