relative_path,absolute_path,extension,size_bytes,modified_time,category,sha256_if_le_10mb
.hf_cache\datasets\Lots-of-LoRAs___task1519_qa_srl_question_generation\default\0.0.0\f67ab4599f48d1b82c492e49c814d7e558b081b1\dataset_info.json,C:\Users\RAVIPRAKASH\Downloads\NLP Project\srlqa\.hf_cache\datasets\Lots-of-LoRAs___task1519_qa_srl_question_generation\default\0.0.0\f67ab4599f48d1b82c492e49c814d7e558b081b1\dataset_info.json,.json,1458,2026-04-07T18:56:02,dataset,37ca6f18e400df0d32a0c5db0abc83b609d58f85243dce598079dd591d80fa4c
.hf_cache\datasets\Lots-of-LoRAs___task1519_qa_srl_question_generation\default\0.0.0\f67ab4599f48d1b82c492e49c814d7e558b081b1\task1519_qa_srl_question_generation-test.arrow,C:\Users\RAVIPRAKASH\Downloads\NLP Project\srlqa\.hf_cache\datasets\Lots-of-LoRAs___task1519_qa_srl_question_generation\default\0.0.0\f67ab4599f48d1b82c492e49c814d7e558b081b1\task1519_qa_srl_question_generation-test.arrow,.arrow,76888,2026-04-07T18:56:02,dataset,c3644a03f51454b4caabfbc8da8731b44edcda83d724b5963c2422ed1eb7e3b0
.hf_cache\datasets\Lots-of-LoRAs___task1519_qa_srl_question_generation\default\0.0.0\f67ab4599f48d1b82c492e49c814d7e558b081b1\task1519_qa_srl_question_generation-train.arrow,C:\Users\RAVIPRAKASH\Downloads\NLP Project\srlqa\.hf_cache\datasets\Lots-of-LoRAs___task1519_qa_srl_question_generation\default\0.0.0\f67ab4599f48d1b82c492e49c814d7e558b081b1\task1519_qa_srl_question_generation-train.arrow,.arrow,598880,2026-04-07T18:56:02,dataset,2f45ca936793b875d3779ee62cdac00e7e342bacf9083d36a67a9514269cf2fc
.hf_cache\datasets\Lots-of-LoRAs___task1519_qa_srl_question_generation\default\0.0.0\f67ab4599f48d1b82c492e49c814d7e558b081b1\task1519_qa_srl_question_generation-valid.arrow,C:\Users\RAVIPRAKASH\Downloads\NLP Project\srlqa\.hf_cache\datasets\Lots-of-LoRAs___task1519_qa_srl_question_generation\default\0.0.0\f67ab4599f48d1b82c492e49c814d7e558b081b1\task1519_qa_srl_question_generation-valid.arrow,.arrow,75120,2026-04-07T18:56:02,dataset,c00637f57dcaecda76e32a00b655b7506e37b74e6a0e30af61fcc2802ae6bb22
.hf_cache\datasets\Lots-of-LoRAs___task1520_qa_srl_answer_generation\default\0.0.0\8d76d2ee87589a38a55046ddda7ec51e6b089e05\dataset_info.json,C:\Users\RAVIPRAKASH\Downloads\NLP Project\srlqa\.hf_cache\datasets\Lots-of-LoRAs___task1520_qa_srl_answer_generation\default\0.0.0\8d76d2ee87589a38a55046ddda7ec51e6b089e05\dataset_info.json,.json,1449,2026-04-07T18:56:01,dataset,aa82efa311e6ba4b596f3cbca966af092c6e1d5997385d08420b03e8aeb53611
.hf_cache\datasets\Lots-of-LoRAs___task1520_qa_srl_answer_generation\default\0.0.0\8d76d2ee87589a38a55046ddda7ec51e6b089e05\task1520_qa_srl_answer_generation-test.arrow,C:\Users\RAVIPRAKASH\Downloads\NLP Project\srlqa\.hf_cache\datasets\Lots-of-LoRAs___task1520_qa_srl_answer_generation\default\0.0.0\8d76d2ee87589a38a55046ddda7ec51e6b089e05\task1520_qa_srl_answer_generation-test.arrow,.arrow,161208,2026-04-07T18:56:01,dataset,e185680e37be28230a5a267a59e8bfd35e1500cadd897101e446615b6f12af1f
.hf_cache\datasets\Lots-of-LoRAs___task1520_qa_srl_answer_generation\default\0.0.0\8d76d2ee87589a38a55046ddda7ec51e6b089e05\task1520_qa_srl_answer_generation-train.arrow,C:\Users\RAVIPRAKASH\Downloads\NLP Project\srlqa\.hf_cache\datasets\Lots-of-LoRAs___task1520_qa_srl_answer_generation\default\0.0.0\8d76d2ee87589a38a55046ddda7ec51e6b089e05\task1520_qa_srl_answer_generation-train.arrow,.arrow,1278968,2026-04-07T18:56:01,dataset,5752835a8d5643bf9871628c805fa6cc5625fd1cf2d5926bdb4e64e326dee681
.hf_cache\datasets\Lots-of-LoRAs___task1520_qa_srl_answer_generation\default\0.0.0\8d76d2ee87589a38a55046ddda7ec51e6b089e05\task1520_qa_srl_answer_generation-valid.arrow,C:\Users\RAVIPRAKASH\Downloads\NLP Project\srlqa\.hf_cache\datasets\Lots-of-LoRAs___task1520_qa_srl_answer_generation\default\0.0.0\8d76d2ee87589a38a55046ddda7ec51e6b089e05\task1520_qa_srl_answer_generation-valid.arrow,.arrow,160240,2026-04-07T18:56:01,dataset,a43b1f9e80b8431e98122c2bdb1e446b167c0fbd495ea94988abef42e8de8275
.hf_cache\datasets\cu-kairos___propbank_srl_seq2seq\default\0.0.0\3ac8d9eb632afdfba5c70c95c0333d70c8bdca8f\dataset_info.json,C:\Users\RAVIPRAKASH\Downloads\NLP Project\srlqa\.hf_cache\datasets\cu-kairos___propbank_srl_seq2seq\default\0.0.0\3ac8d9eb632afdfba5c70c95c0333d70c8bdca8f\dataset_info.json,.json,973,2026-04-07T18:56:00,dataset,c7c83b1b75961ddf7720f85f9e8d6d442270778b4a557fd86ab28401b6ae1ecb
.hf_cache\datasets\cu-kairos___propbank_srl_seq2seq\default\0.0.0\3ac8d9eb632afdfba5c70c95c0333d70c8bdca8f\propbank_srl_seq2seq-train.arrow,C:\Users\RAVIPRAKASH\Downloads\NLP Project\srlqa\.hf_cache\datasets\cu-kairos___propbank_srl_seq2seq\default\0.0.0\3ac8d9eb632afdfba5c70c95c0333d70c8bdca8f\propbank_srl_seq2seq-train.arrow,.arrow,6625464,2026-04-07T18:55:59,dataset,7b658352c7a044167e7e91aed9f4b03460bede8f36fbfcd169602e9468f99d9f
.hf_cache\datasets\cu-kairos___propbank_srl_seq2seq\default\0.0.0\3ac8d9eb632afdfba5c70c95c0333d70c8bdca8f\propbank_srl_seq2seq-validation.arrow,C:\Users\RAVIPRAKASH\Downloads\NLP Project\srlqa\.hf_cache\datasets\cu-kairos___propbank_srl_seq2seq\default\0.0.0\3ac8d9eb632afdfba5c70c95c0333d70c8bdca8f\propbank_srl_seq2seq-validation.arrow,.arrow,1666840,2026-04-07T18:56:00,dataset,712f295247ca508f7a52d577ef25e357a310801d6d407f099736d8b3e3fddda8
.hf_cache\datasets\marcov___qa_srl_promptsource\default\0.0.0\46fcd4605989a6144719de0cb7be35bff6efe343\dataset_info.json,C:\Users\RAVIPRAKASH\Downloads\NLP Project\srlqa\.hf_cache\datasets\marcov___qa_srl_promptsource\default\0.0.0\46fcd4605989a6144719de0cb7be35bff6efe343\dataset_info.json,.json,1785,2026-04-07T18:56:06,dataset,f2a531a702065b83df58718b120d0a04e5e123a070a35f0194e5f187bab35b66
.hf_cache\datasets\marcov___qa_srl_promptsource\default\0.0.0\46fcd4605989a6144719de0cb7be35bff6efe343\qa_srl_promptsource-test.arrow,C:\Users\RAVIPRAKASH\Downloads\NLP Project\srlqa\.hf_cache\datasets\marcov___qa_srl_promptsource\default\0.0.0\46fcd4605989a6144719de0cb7be35bff6efe343\qa_srl_promptsource-test.arrow,.arrow,12214976,2026-04-07T18:56:06,dataset,
.hf_cache\datasets\marcov___qa_srl_promptsource\default\0.0.0\46fcd4605989a6144719de0cb7be35bff6efe343\qa_srl_promptsource-train.arrow,C:\Users\RAVIPRAKASH\Downloads\NLP Project\srlqa\.hf_cache\datasets\marcov___qa_srl_promptsource\default\0.0.0\46fcd4605989a6144719de0cb7be35bff6efe343\qa_srl_promptsource-train.arrow,.arrow,35255688,2026-04-07T18:56:05,dataset,
.hf_cache\datasets\marcov___qa_srl_promptsource\default\0.0.0\46fcd4605989a6144719de0cb7be35bff6efe343\qa_srl_promptsource-validation.arrow,C:\Users\RAVIPRAKASH\Downloads\NLP Project\srlqa\.hf_cache\datasets\marcov___qa_srl_promptsource\default\0.0.0\46fcd4605989a6144719de0cb7be35bff6efe343\qa_srl_promptsource-validation.arrow,.arrow,12115776,2026-04-07T18:56:06,dataset,
data\challenge_suite_v2.json,C:\Users\RAVIPRAKASH\Downloads\NLP Project\srlqa\data\challenge_suite_v2.json,.json,4638,2026-04-07T18:53:35,dataset,6c4e73ce1e89253ad3fc51163877140857063fac79c60283ac46b582e2bcf82b
plots\ACCURACY_COMPARISON_TABLE.csv,C:\Users\RAVIPRAKASH\Downloads\NLP Project\srlqa\plots\ACCURACY_COMPARISON_TABLE.csv,.csv,1959,2026-04-07T22:03:43,dataset,94c79206be1d5a7d7762acc238ad8e6fd871e72a3e06c92d5e4cd9a9775d16b9
plots\ALL_MODEL_SMOKE_TEST.csv,C:\Users\RAVIPRAKASH\Downloads\NLP Project\srlqa\plots\ALL_MODEL_SMOKE_TEST.csv,.csv,1012,2026-04-07T22:03:43,dataset,b8a8b6081911852878161d9138e49fa876d8153411329cf1624bd0c72ba5fd4a
plots\BENCHMARK_TRACKS_EXACT.csv,C:\Users\RAVIPRAKASH\Downloads\NLP Project\srlqa\plots\BENCHMARK_TRACKS_EXACT.csv,.csv,1976,2026-04-07T22:03:43,dataset,c36bc584dc8fe7feadd109cbedf9b8deeb8cce9084117ffceb238f5af15424cd
plots\FILE_ANALYSIS.csv,C:\Users\RAVIPRAKASH\Downloads\NLP Project\srlqa\plots\FILE_ANALYSIS.csv,.csv,20382,2026-04-07T22:03:43,dataset,1e387551646230da1633a5188adb2700519dcffb9e2528897b8b1d61dcb700c1
plots\PER_ROLE_METRICS_EXACT.csv,C:\Users\RAVIPRAKASH\Downloads\NLP Project\srlqa\plots\PER_ROLE_METRICS_EXACT.csv,.csv,3798,2026-04-07T22:03:43,dataset,83b703553988a9273b3e6108d58566db4a1f505e121f361ff22468fe7463a47a
plots\PYTHON_MODULE_ANALYSIS.csv,C:\Users\RAVIPRAKASH\Downloads\NLP Project\srlqa\plots\PYTHON_MODULE_ANALYSIS.csv,.csv,7010,2026-04-07T22:03:43,dataset,ea24b08d076628d7513fd070ff3cd9e615cfdfcfb4672dc6590207b6f011cc2f
plots\RAISE_FAST_SEED_RESULTS.csv,C:\Users\RAVIPRAKASH\Downloads\NLP Project\srlqa\plots\RAISE_FAST_SEED_RESULTS.csv,.csv,3603,2026-04-07T22:03:43,dataset,55ba8651a178f1d26f82b50a6a73c53f6bc20b746508068c3d3dd5a2d4629f51
RAISE_SRLQA_HUGE_VISUAL_DECK_INDEX.md,C:\Users\RAVIPRAKASH\Downloads\NLP Project\srlqa\RAISE_SRLQA_HUGE_VISUAL_DECK_INDEX.md,.md,3768,2026-04-07T21:24:22,documentation,e4e5d5cd498cddc0900b14784ee0477ce6585d6225f400ff35ae16d427abf0a6
README.md,C:\Users\RAVIPRAKASH\Downloads\NLP Project\srlqa\README.md,.md,4669,2026-04-07T21:29:08,documentation,a6818e5d407bfb8a369c095d14a450506dfb8e402b7d7c38eee0773c40dc9ff0
plots\ACCURATE_DOCUMENTATION_INDEX.md,C:\Users\RAVIPRAKASH\Downloads\NLP Project\srlqa\plots\ACCURATE_DOCUMENTATION_INDEX.md,.md,14311,2026-04-07T22:03:45,documentation,b9a46a40ac5aaf3ae805fc6892b453a9dd8a09ebc40702ae49238081e81cad52
plots\PLOTS_INDEX.md,C:\Users\RAVIPRAKASH\Downloads\NLP Project\srlqa\plots\PLOTS_INDEX.md,.md,4693,2026-04-07T22:01:43,documentation,2a6b71b79a1ddcbeccc7b73e47d22064a779658e721259a9db4bb82016f130c4
requirements.txt,C:\Users\RAVIPRAKASH\Downloads\NLP Project\srlqa\requirements.txt,.txt,161,2026-04-07T18:46:59,documentation,8c9abce2faa4afc2cb06519c564a2abfc95c7ccc31be689b171b06c3131a6505
.hf_cache\models\models--deepset--deberta-v3-base-squad2\.no_exist\eea39c60cc305c2e4a9504f5ff117294bebb42db\chat_template.jinja,C:\Users\RAVIPRAKASH\Downloads\NLP Project\srlqa\.hf_cache\models\models--deepset--deberta-v3-base-squad2\.no_exist\eea39c60cc305c2e4a9504f5ff117294bebb42db\chat_template.jinja,.jinja,0,2026-04-07T19:10:04,model,e3b0c44298fc1c149afbf4c8996fb92427ae41e4649b934ca495991b7852b855
.hf_cache\models\models--deepset--deberta-v3-base-squad2\refs\main,C:\Users\RAVIPRAKASH\Downloads\NLP Project\srlqa\.hf_cache\models\models--deepset--deberta-v3-base-squad2\refs\main,[none],40,2026-04-07T19:09:57,model,a92756704d164fc8b796f1ea1dc80943a81ff4aff90be34e224526dbba63cd3a
.hf_cache\models\models--deepset--deberta-v3-base-squad2\snapshots\eea39c60cc305c2e4a9504f5ff117294bebb42db\added_tokens.json,C:\Users\RAVIPRAKASH\Downloads\NLP Project\srlqa\.hf_cache\models\models--deepset--deberta-v3-base-squad2\snapshots\eea39c60cc305c2e4a9504f5ff117294bebb42db\added_tokens.json,.json,23,2026-04-07T19:10:03,model,dc046d04c9b0ada7ae6f1dc89c465801799acdf0c9a6aab8c15a1b2d5ca4e91f
.hf_cache\models\models--deepset--deberta-v3-base-squad2\snapshots\eea39c60cc305c2e4a9504f5ff117294bebb42db\config.json,C:\Users\RAVIPRAKASH\Downloads\NLP Project\srlqa\.hf_cache\models\models--deepset--deberta-v3-base-squad2\snapshots\eea39c60cc305c2e4a9504f5ff117294bebb42db\config.json,.json,992,2026-04-07T19:10:05,model,10362f86504bdffbc7296412ff01240a391e4b683c7ea2aced2ce099f1e80261
.hf_cache\models\models--deepset--deberta-v3-base-squad2\snapshots\eea39c60cc305c2e4a9504f5ff117294bebb42db\model.safetensors,C:\Users\RAVIPRAKASH\Downloads\NLP Project\srlqa\.hf_cache\models\models--deepset--deberta-v3-base-squad2\snapshots\eea39c60cc305c2e4a9504f5ff117294bebb42db\model.safetensors,.safetensors,735360940,2026-04-07T19:10:45,model,
.hf_cache\models\models--deepset--deberta-v3-base-squad2\snapshots\eea39c60cc305c2e4a9504f5ff117294bebb42db\special_tokens_map.json,C:\Users\RAVIPRAKASH\Downloads\NLP Project\srlqa\.hf_cache\models\models--deepset--deberta-v3-base-squad2\snapshots\eea39c60cc305c2e4a9504f5ff117294bebb42db\special_tokens_map.json,.json,173,2026-04-07T19:10:03,model,311de3f4eed9d76a43bf0d71f10e62e086ca65ccce9f15d5da0d2098bf519ecc
.hf_cache\models\models--deepset--deberta-v3-base-squad2\snapshots\eea39c60cc305c2e4a9504f5ff117294bebb42db\spm.model,C:\Users\RAVIPRAKASH\Downloads\NLP Project\srlqa\.hf_cache\models\models--deepset--deberta-v3-base-squad2\snapshots\eea39c60cc305c2e4a9504f5ff117294bebb42db\spm.model,.model,2464616,2026-04-07T19:10:01,model,c679fbf93643d19aab7ee10c0b99e460bdbc02fedf34b92b05af343b4af586fd
.hf_cache\models\models--deepset--deberta-v3-base-squad2\snapshots\eea39c60cc305c2e4a9504f5ff117294bebb42db\tokenizer.json,C:\Users\RAVIPRAKASH\Downloads\NLP Project\srlqa\.hf_cache\models\models--deepset--deberta-v3-base-squad2\snapshots\eea39c60cc305c2e4a9504f5ff117294bebb42db\tokenizer.json,.json,8648791,2026-04-07T19:10:03,model,7fb827d15550c884144bec6129b81d7ee7cc42c7181a678aa6b408c04a03d764
.hf_cache\models\models--deepset--deberta-v3-base-squad2\snapshots\eea39c60cc305c2e4a9504f5ff117294bebb42db\tokenizer_config.json,C:\Users\RAVIPRAKASH\Downloads\NLP Project\srlqa\.hf_cache\models\models--deepset--deberta-v3-base-squad2\snapshots\eea39c60cc305c2e4a9504f5ff117294bebb42db\tokenizer_config.json,.json,379,2026-04-07T19:09:57,model,b4a034b657a1dbbc871d283ece7418b5f48a673259fd0ad56145e752f3059b1d
.hf_cache\models\models--microsoft--deberta-v3-base\.no_exist\8ccc9b6f36199bec6961081d44eb72fb3f7353f3\added_tokens.json,C:\Users\RAVIPRAKASH\Downloads\NLP Project\srlqa\.hf_cache\models\models--microsoft--deberta-v3-base\.no_exist\8ccc9b6f36199bec6961081d44eb72fb3f7353f3\added_tokens.json,.json,0,2026-04-07T18:59:16,model,e3b0c44298fc1c149afbf4c8996fb92427ae41e4649b934ca495991b7852b855
.hf_cache\models\models--microsoft--deberta-v3-base\.no_exist\8ccc9b6f36199bec6961081d44eb72fb3f7353f3\chat_template.jinja,C:\Users\RAVIPRAKASH\Downloads\NLP Project\srlqa\.hf_cache\models\models--microsoft--deberta-v3-base\.no_exist\8ccc9b6f36199bec6961081d44eb72fb3f7353f3\chat_template.jinja,.jinja,0,2026-04-07T18:59:16,model,e3b0c44298fc1c149afbf4c8996fb92427ae41e4649b934ca495991b7852b855
.hf_cache\models\models--microsoft--deberta-v3-base\.no_exist\8ccc9b6f36199bec6961081d44eb72fb3f7353f3\model.safetensors,C:\Users\RAVIPRAKASH\Downloads\NLP Project\srlqa\.hf_cache\models\models--microsoft--deberta-v3-base\.no_exist\8ccc9b6f36199bec6961081d44eb72fb3f7353f3\model.safetensors,.safetensors,0,2026-04-07T19:00:49,model,e3b0c44298fc1c149afbf4c8996fb92427ae41e4649b934ca495991b7852b855
.hf_cache\models\models--microsoft--deberta-v3-base\.no_exist\8ccc9b6f36199bec6961081d44eb72fb3f7353f3\model.safetensors.index.json,C:\Users\RAVIPRAKASH\Downloads\NLP Project\srlqa\.hf_cache\models\models--microsoft--deberta-v3-base\.no_exist\8ccc9b6f36199bec6961081d44eb72fb3f7353f3\model.safetensors.index.json,.json,0,2026-04-07T19:00:49,model,e3b0c44298fc1c149afbf4c8996fb92427ae41e4649b934ca495991b7852b855
.hf_cache\models\models--microsoft--deberta-v3-base\.no_exist\8ccc9b6f36199bec6961081d44eb72fb3f7353f3\special_tokens_map.json,C:\Users\RAVIPRAKASH\Downloads\NLP Project\srlqa\.hf_cache\models\models--microsoft--deberta-v3-base\.no_exist\8ccc9b6f36199bec6961081d44eb72fb3f7353f3\special_tokens_map.json,.json,0,2026-04-07T18:59:16,model,e3b0c44298fc1c149afbf4c8996fb92427ae41e4649b934ca495991b7852b855
.hf_cache\models\models--microsoft--deberta-v3-base\.no_exist\8ccc9b6f36199bec6961081d44eb72fb3f7353f3\tokenizer.json,C:\Users\RAVIPRAKASH\Downloads\NLP Project\srlqa\.hf_cache\models\models--microsoft--deberta-v3-base\.no_exist\8ccc9b6f36199bec6961081d44eb72fb3f7353f3\tokenizer.json,.json,0,2026-04-07T18:59:16,model,e3b0c44298fc1c149afbf4c8996fb92427ae41e4649b934ca495991b7852b855
.hf_cache\models\models--microsoft--deberta-v3-base\refs\main,C:\Users\RAVIPRAKASH\Downloads\NLP Project\srlqa\.hf_cache\models\models--microsoft--deberta-v3-base\refs\main,[none],40,2026-04-07T18:59:12,model,6ab49f160416bd8ff511dfacd58552c718593d8d9fef9644b42177ca0ee6080f
.hf_cache\models\models--microsoft--deberta-v3-base\refs\refs\pr\14,C:\Users\RAVIPRAKASH\Downloads\NLP Project\srlqa\.hf_cache\models\models--microsoft--deberta-v3-base\refs\refs\pr\14,[none],40,2026-04-07T19:01:15,model,7addee9dee31ac864d32976af62995a5fd823c8caf61cf38bf99214a41782ece
.hf_cache\models\models--microsoft--deberta-v3-base\snapshots\8ccc9b6f36199bec6961081d44eb72fb3f7353f3\config.json,C:\Users\RAVIPRAKASH\Downloads\NLP Project\srlqa\.hf_cache\models\models--microsoft--deberta-v3-base\snapshots\8ccc9b6f36199bec6961081d44eb72fb3f7353f3\config.json,.json,579,2026-04-07T18:59:12,model,649f6a1ec33c6bdd9a6486d5c66019d461139e54957073eafe9bbc2d34c75b0b
.hf_cache\models\models--microsoft--deberta-v3-base\snapshots\8ccc9b6f36199bec6961081d44eb72fb3f7353f3\pytorch_model.bin,C:\Users\RAVIPRAKASH\Downloads\NLP Project\srlqa\.hf_cache\models\models--microsoft--deberta-v3-base\snapshots\8ccc9b6f36199bec6961081d44eb72fb3f7353f3\pytorch_model.bin,.bin,371146213,2026-04-07T19:01:12,model,
.hf_cache\models\models--microsoft--deberta-v3-base\snapshots\8ccc9b6f36199bec6961081d44eb72fb3f7353f3\spm.model,C:\Users\RAVIPRAKASH\Downloads\NLP Project\srlqa\.hf_cache\models\models--microsoft--deberta-v3-base\snapshots\8ccc9b6f36199bec6961081d44eb72fb3f7353f3\spm.model,.model,2464616,2026-04-07T18:59:15,model,c679fbf93643d19aab7ee10c0b99e460bdbc02fedf34b92b05af343b4af586fd
.hf_cache\models\models--microsoft--deberta-v3-base\snapshots\8ccc9b6f36199bec6961081d44eb72fb3f7353f3\tokenizer_config.json,C:\Users\RAVIPRAKASH\Downloads\NLP Project\srlqa\.hf_cache\models\models--microsoft--deberta-v3-base\snapshots\8ccc9b6f36199bec6961081d44eb72fb3f7353f3\tokenizer_config.json,.json,52,2026-04-07T18:59:13,model,3f3978e0c036f2c2588cac34a6047cbb0af0b0dc1814254e291028529805496d
.hf_cache\models\models--microsoft--deberta-v3-base\snapshots\de19fe7db5162df5f3d8f0b41321c0267288fd74\model.safetensors,C:\Users\RAVIPRAKASH\Downloads\NLP Project\srlqa\.hf_cache\models\models--microsoft--deberta-v3-base\snapshots\de19fe7db5162df5f3d8f0b41321c0267288fd74\model.safetensors,.safetensors,371101258,2026-04-07T19:01:39,model,
output_temp_model_demo.json,C:\Users\RAVIPRAKASH\Downloads\NLP Project\srlqa\output_temp_model_demo.json,.json,23792,2026-04-07T21:54:47,result_or_config,f173f5cb5b8fbded82ee4109df2e21dd5eb76382d3b705f2fc3e57979a0aaad6
plots\EXACT_VALUES.json,C:\Users\RAVIPRAKASH\Downloads\NLP Project\srlqa\plots\EXACT_VALUES.json,.json,45497,2026-04-07T22:03:43,result_or_config,af14085fe7ceb40ec784220f644e23dfe1ef12965ce81f32336118d378b02c5e
results\eval_manifest.json,C:\Users\RAVIPRAKASH\Downloads\NLP Project\srlqa\results\eval_manifest.json,.json,994,2026-04-07T18:53:35,result_or_config,7ece98d535234fea77189f26c5b21bba4397f158be0a47b0bb76d1b582283612
retrieval\frame_store.json,C:\Users\RAVIPRAKASH\Downloads\NLP Project\srlqa\retrieval\frame_store.json,.json,4196456,2026-04-07T18:54:34,result_or_config,7e29833c1e9d3c79c99eb08b07ef58f9985d545fac7c08bafa57ed3d747a424d
app.py,C:\Users\RAVIPRAKASH\Downloads\NLP Project\srlqa\app.py,.py,151,2026-04-07T19:15:40,script,407187bfff6155c867a45eebcb3ffd0a31a6d8367a6f8b752e682235ed298535
main.py,C:\Users\RAVIPRAKASH\Downloads\NLP Project\srlqa\main.py,.py,141,2026-04-07T18:46:59,script,fc0476f27cba60f0a83fdebde7b8a27a00b153f9d3fc6f8241ca9d00cbe317fe
output\code\data_loading.py,C:\Users\RAVIPRAKASH\Downloads\NLP Project\srlqa\output\code\data_loading.py,.py,218,2026-04-07T22:25:28,script,92bc02ed59b1942d3744b5f01d3848f37b7105c173d7732a42ba1fe443a83183
output\code\eda.py,C:\Users\RAVIPRAKASH\Downloads\NLP Project\srlqa\output\code\eda.py,.py,49,2026-04-07T22:25:28,script,f1f83cf7f4fcc9f0108d1baf2a0df9d321dd8498778c5136aec43750a78d84b6
output\code\evaluation_pipeline.py,C:\Users\RAVIPRAKASH\Downloads\NLP Project\srlqa\output\code\evaluation_pipeline.py,.py,230,2026-04-07T22:25:28,script,71105d388c9406fd1517c61852e195299579ec0878f260a35246dd358d7ac2b2
output\code\full_analysis_pipeline.py,C:\Users\RAVIPRAKASH\Downloads\NLP Project\srlqa\output\code\full_analysis_pipeline.py,.py,62040,2026-04-07T22:25:17,script,c9e991cdd4089bfaf2df309806c616e09d58179db7f0a956064e2d427699c321
output\code\metric_computation.py,C:\Users\RAVIPRAKASH\Downloads\NLP Project\srlqa\output\code\metric_computation.py,.py,193,2026-04-07T22:25:28,script,70fb9feb6aaf6f10d36b100f067daaeaf855d4cdd4bcc5779f726f52dc52bbcc
output\code\visualization.py,C:\Users\RAVIPRAKASH\Downloads\NLP Project\srlqa\output\code\visualization.py,.py,49,2026-04-07T22:25:28,script,f1f83cf7f4fcc9f0108d1baf2a0df9d321dd8498778c5136aec43750a78d84b6
raise_streamlit_app.py,C:\Users\RAVIPRAKASH\Downloads\NLP Project\srlqa\raise_streamlit_app.py,.py,6524,2026-04-07T19:15:36,script,adcb762be5085e427d255abbb47a8599f50654555f2b4246d9d73c2027a81e0d
run_all_models.py,C:\Users\RAVIPRAKASH\Downloads\NLP Project\srlqa\run_all_models.py,.py,3937,2026-04-07T19:39:43,script,c9f20219672843e9d1ea0762f3571659cc90a156a192a247af7c51d884a3eadf
scripts\build_frame_index.py,C:\Users\RAVIPRAKASH\Downloads\NLP Project\srlqa\scripts\build_frame_index.py,.py,107,2026-04-07T18:53:35,script,d81418b244d2e413b95b6fa21fcc2aa98d1c9add3b4683a7653316b625dd8dd3
scripts\build_full_visuals_ppt.py,C:\Users\RAVIPRAKASH\Downloads\NLP Project\srlqa\scripts\build_full_visuals_ppt.py,.py,38748,2026-04-07T21:20:42,script,d7848c8cd4512f5d13f47385d2bc70eed313cbb346eaa54f8585d13d8bce0349
scripts\build_plots_folder_ppt.py,C:\Users\RAVIPRAKASH\Downloads\NLP Project\srlqa\scripts\build_plots_folder_ppt.py,.py,18098,2026-04-07T21:28:19,script,eea6536aef00a48d4615f6e2599e9c2e81331a7409fb5dcb150dbcd3d8ce9b88
scripts\build_srlqa_huge_visual_deck.py,C:\Users\RAVIPRAKASH\Downloads\NLP Project\srlqa\scripts\build_srlqa_huge_visual_deck.py,.py,16447,2026-04-07T21:23:38,script,6b0e7fa0d1431a13fedf7315f29a863a27c1da16b3be2e53c5c1ed871ed45f39
scripts\download_assets.py,C:\Users\RAVIPRAKASH\Downloads\NLP Project\srlqa\scripts\download_assets.py,.py,121,2026-04-07T18:53:35,script,f4933b0e3789eaf3b02488db09b4bfd57a48d67d76e7b35aa65cb88b2d120be9
scripts\generate_accurate_plots_docs_ppt.py,C:\Users\RAVIPRAKASH\Downloads\NLP Project\srlqa\scripts\generate_accurate_plots_docs_ppt.py,.py,70846,2026-04-07T21:59:42,script,72763b2bc6d013110cd05c9bd3e91103fda19775ba107de36aeb086141b36ecc
srlqa\__init__.py,C:\Users\RAVIPRAKASH\Downloads\NLP Project\srlqa\srlqa\__init__.py,.py,177,2026-04-07T19:03:10,script,f11a705d80ab3dfcbd9f134f51c445614322dad9eb3ad7d66beee64c358a9d26
srlqa\config.py,C:\Users\RAVIPRAKASH\Downloads\NLP Project\srlqa\srlqa\config.py,.py,4478,2026-04-07T18:56:32,script,b90bf7a0d76a3254d722604482e0a5d1f0f814d4011b5d8e80d05b5ba30c0c85
srlqa\data\__init__.py,C:\Users\RAVIPRAKASH\Downloads\NLP Project\srlqa\srlqa\data\__init__.py,.py,53,2026-04-07T18:48:00,script,5dfd5f7e38c2ced8428e7226b7fff40868d4a5dcd5ff023165b73ad3a91c5aab
srlqa\data\convert_to_mrc.py,C:\Users\RAVIPRAKASH\Downloads\NLP Project\srlqa\srlqa\data\convert_to_mrc.py,.py,7222,2026-04-07T18:48:00,script,7a35f02d3b702dbc839eec7277cd5ef5e49d19ae1dbee01c4ad72a7615146f6a
srlqa\data\dataset_library.py,C:\Users\RAVIPRAKASH\Downloads\NLP Project\srlqa\srlqa\data\dataset_library.py,.py,3798,2026-04-07T18:56:32,script,3eff0d477dddce3b6a6182b30d9fc48b22a160a9e0ba2d4c971e32d613b0d290
srlqa\decoding\__init__.py,C:\Users\RAVIPRAKASH\Downloads\NLP Project\srlqa\srlqa\decoding\__init__.py,.py,180,2026-04-07T18:50:20,script,50b42cfd95c886babbfe9d21178f8367ed69c42c6f6019a561a1cef85a475c85
srlqa\decoding\constrained_decoder.py,C:\Users\RAVIPRAKASH\Downloads\NLP Project\srlqa\srlqa\decoding\constrained_decoder.py,.py,2196,2026-04-07T18:50:20,script,918afe77aa83018981de8fdb5ea55b98e2d2f62f4c8d1208c5a74ad57bdc5050
srlqa\decoding\role_priors.py,C:\Users\RAVIPRAKASH\Downloads\NLP Project\srlqa\srlqa\decoding\role_priors.py,.py,517,2026-04-07T18:50:20,script,0e4e5a4f7c34b927cb31631d42f8fbbb83c9627c52de093fbd389fba3e787d2b
srlqa\decoding\span_rules.py,C:\Users\RAVIPRAKASH\Downloads\NLP Project\srlqa\srlqa\decoding\span_rules.py,.py,2508,2026-04-07T18:50:20,script,904d1a2e6d8dc5ba4a3bb7fc117f3beeb8dd9a85cb8a482673e5e7c8100a00ab
srlqa\distillation\__init__.py,C:\Users\RAVIPRAKASH\Downloads\NLP Project\srlqa\srlqa\distillation\__init__.py,.py,47,2026-04-07T18:51:16,script,1b3896838cffc2c8a6a915e87e5d1350d0385b430ae83ad328d18436f6596992
srlqa\distillation\filter_teacher_labels.py,C:\Users\RAVIPRAKASH\Downloads\NLP Project\srlqa\srlqa\distillation\filter_teacher_labels.py,.py,1030,2026-04-07T18:51:16,script,f4dd3851cbb09d19fc5a420ba951848c3e44218adffc0920640ce823aacff049
srlqa\distillation\teacher_runner.py,C:\Users\RAVIPRAKASH\Downloads\NLP Project\srlqa\srlqa\distillation\teacher_runner.py,.py,932,2026-04-07T18:51:16,script,ed294949cd1ad948ade4fe40e8aac57775de566a361623c37dd5b3a6512b6dc4
srlqa\distillation\train_student.py,C:\Users\RAVIPRAKASH\Downloads\NLP Project\srlqa\srlqa\distillation\train_student.py,.py,397,2026-04-07T18:51:16,script,8abd3933341244ab2610f693fcfffe45f8fa527f9d8db2e6a528376a008e5e2b
srlqa\ensemble\__init__.py,C:\Users\RAVIPRAKASH\Downloads\NLP Project\srlqa\srlqa\ensemble\__init__.py,.py,27,2026-04-07T18:52:05,script,00cea6b2edea9e8285dc379263b4ef5107976b478d148aa9c03c8024c90f46bf
srlqa\ensemble\calibrated_confidence.py,C:\Users\RAVIPRAKASH\Downloads\NLP Project\srlqa\srlqa\ensemble\calibrated_confidence.py,.py,373,2026-04-07T18:52:05,script,a3098434509ffbb85f7272eaab90edf639d93c93428ec547569e224f4e38fd85
srlqa\ensemble\weighted_voter.py,C:\Users\RAVIPRAKASH\Downloads\NLP Project\srlqa\srlqa\ensemble\weighted_voter.py,.py,1218,2026-04-07T18:52:05,script,7ba5c9371001ec2c4053962f86333baff94c8c60903c0da93a29908a90d624dd
srlqa\evaluation\__init__.py,C:\Users\RAVIPRAKASH\Downloads\NLP Project\srlqa\srlqa\evaluation\__init__.py,.py,114,2026-04-07T18:52:05,script,6941a5c2bcd8f7673999edb11962315a24e8e304b3fbd6974cf4e69b82331e8a
srlqa\evaluation\calibration.py,C:\Users\RAVIPRAKASH\Downloads\NLP Project\srlqa\srlqa\evaluation\calibration.py,.py,1225,2026-04-07T18:52:05,script,aa7c96af8acf725fa634742c0a84b8325575911a27caa8b0f990eb895be0b825
srlqa\evaluation\offline_eval.py,C:\Users\RAVIPRAKASH\Downloads\NLP Project\srlqa\srlqa\evaluation\offline_eval.py,.py,1777,2026-04-07T18:52:05,script,991433faee6c39729eeaac03e8043e3f6396bb5eec24133c74597508d3407286
srlqa\evaluation\span_metrics.py,C:\Users\RAVIPRAKASH\Downloads\NLP Project\srlqa\srlqa\evaluation\span_metrics.py,.py,2219,2026-04-07T18:52:05,script,7d33de667a5d71eb196bd3b95ba32529ff54a69b60e92c0a452183a58359bf1f
srlqa\main.py,C:\Users\RAVIPRAKASH\Downloads\NLP Project\srlqa\srlqa\main.py,.py,8388,2026-04-07T19:11:50,script,27e26471c7241d0ec42f067275f1c4101fe99374ada15685d047830c3bc45e4d
srlqa\model_hub.py,C:\Users\RAVIPRAKASH\Downloads\NLP Project\srlqa\srlqa\model_hub.py,.py,6723,2026-04-07T19:14:24,script,51c7c54974de501fe4c18dd03a852f121c58ef37fd16f527cf7fac70426f19ea
srlqa\models\__init__.py,C:\Users\RAVIPRAKASH\Downloads\NLP Project\srlqa\srlqa\models\__init__.py,.py,93,2026-04-07T18:49:17,script,ab9eba2c92b280ac922177bdfa516ce7af6d2d323fa30d957c4c5caf3a1d9640
srlqa\models\mrc_srl_qa.py,C:\Users\RAVIPRAKASH\Downloads\NLP Project\srlqa\srlqa\models\mrc_srl_qa.py,.py,5257,2026-04-07T18:49:17,script,625627461f0976f1cd989cb7652920f613331ddf6a6a32f6662d2f716652c9f4
srlqa\nominal\__init__.py,C:\Users\RAVIPRAKASH\Downloads\NLP Project\srlqa\srlqa\nominal\__init__.py,.py,41,2026-04-07T18:51:16,script,61b698d8f887d84e328c16a4cff292882cacfd16dc25710f9ff726c0eb549cb5
srlqa\nominal\nominal_detector.py,C:\Users\RAVIPRAKASH\Downloads\NLP Project\srlqa\srlqa\nominal\nominal_detector.py,.py,543,2026-04-07T18:51:16,script,3853796906a8493d8041e7a1eb164154483c20c508c36cd8c6f7a128c0083f3d
srlqa\nominal\nominal_eval.py,C:\Users\RAVIPRAKASH\Downloads\NLP Project\srlqa\srlqa\nominal\nominal_eval.py,.py,615,2026-04-07T18:51:16,script,3a18fcd250bfe2d113513a52fca1e9a1d1c92fcc12e375148f74bd61ce40c246
srlqa\nominal\qa_noun_templates.py,C:\Users\RAVIPRAKASH\Downloads\NLP Project\srlqa\srlqa\nominal\qa_noun_templates.py,.py,540,2026-04-07T18:51:16,script,381a29644f48f7ba6dd37bdd1abca5647bd01e6a5d4d10a5aaeef87328452f61
srlqa\pipeline.py,C:\Users\RAVIPRAKASH\Downloads\NLP Project\srlqa\srlqa\pipeline.py,.py,17007,2026-04-07T19:09:37,script,0ca1341e35de8e726d65d49e078cd5a1ae43f6434505b28706b2c13a56640ba4
srlqa\proto_roles\__init__.py,C:\Users\RAVIPRAKASH\Downloads\NLP Project\srlqa\srlqa\proto_roles\__init__.py,.py,38,2026-04-07T18:51:16,script,37dfa7f16ff5375aab121ec68ecffc936fb678c99ba67fdb5aaf7762625f7205
srlqa\proto_roles\minimal_pair_suite.py,C:\Users\RAVIPRAKASH\Downloads\NLP Project\srlqa\srlqa\proto_roles\minimal_pair_suite.py,.py,433,2026-04-07T18:51:16,script,81c04f97394c107ac29bff86e9a0638c31969ef8338b65634e7851053d586935
srlqa\proto_roles\proto_role_aux_loss.py,C:\Users\RAVIPRAKASH\Downloads\NLP Project\srlqa\srlqa\proto_roles\proto_role_aux_loss.py,.py,297,2026-04-07T18:51:16,script,0688da848c3000e9a6b148d3eee94eef2576aab9f70ae7f5e14614cc202cd873
srlqa\proto_roles\proto_role_features.py,C:\Users\RAVIPRAKASH\Downloads\NLP Project\srlqa\srlqa\proto_roles\proto_role_features.py,.py,639,2026-04-07T18:51:16,script,082488f702b7e7e33e616a42ce44f0b1601ef7502e72596125b0de095771ffb7
srlqa\reports\__init__.py,C:\Users\RAVIPRAKASH\Downloads\NLP Project\srlqa\srlqa\reports\__init__.py,.py,26,2026-04-07T18:52:05,script,66ec2f44031581ada882a62390b725cb3d174af729cf0fdda9e27cf77abf3440
srlqa\reports\leaderboard.py,C:\Users\RAVIPRAKASH\Downloads\NLP Project\srlqa\srlqa\reports\leaderboard.py,.py,1077,2026-04-07T18:52:05,script,0e257e36beb091fc411318bd2f4323f5d1b5f25daa76b831bf10c53c1f2db94c
srlqa\retrieval\__init__.py,C:\Users\RAVIPRAKASH\Downloads\NLP Project\srlqa\srlqa\retrieval\__init__.py,.py,188,2026-04-07T18:50:20,script,8e212dae9d21302b1edb67d66aaa0e83df36b23ee730fcfea10f598fb8c5cc43
srlqa\retrieval\build_frame_index.py,C:\Users\RAVIPRAKASH\Downloads\NLP Project\srlqa\srlqa\retrieval\build_frame_index.py,.py,462,2026-04-07T18:50:20,script,03fbf6fbe639c7c67c6a7c7e45ef05c2397fe0c4d49d957ce59553de3e6422e2
srlqa\retrieval\frame_retriever.py,C:\Users\RAVIPRAKASH\Downloads\NLP Project\srlqa\srlqa\retrieval\frame_retriever.py,.py,1951,2026-04-07T18:50:20,script,80a8a51af9b680617a70a90e8f098ba40856d1be4714fb70edddb4b7eec7e3ad
srlqa\retrieval\propbank_index.py,C:\Users\RAVIPRAKASH\Downloads\NLP Project\srlqa\srlqa\retrieval\propbank_index.py,.py,4018,2026-04-07T18:50:20,script,4e6b145356d005084214e5f09255fa04c20126239de8d148e2c489093ca5e60f
srlqa\training\__init__.py,C:\Users\RAVIPRAKASH\Downloads\NLP Project\srlqa\srlqa\training\__init__.py,.py,25,2026-04-07T18:49:17,script,721f0b1831f17ed01db8ae9762eeedcc7166334f10e7e4b9e19a13e2c75216f1
srlqa\training\collators.py,C:\Users\RAVIPRAKASH\Downloads\NLP Project\srlqa\srlqa\training\collators.py,.py,3744,2026-04-07T18:49:17,script,77abc6eaa7acb04dcf7bff6be29c58e086c0888631973dbefa0b216dc9e85929
srlqa\training\hard_negative_mining.py,C:\Users\RAVIPRAKASH\Downloads\NLP Project\srlqa\srlqa\training\hard_negative_mining.py,.py,1875,2026-04-07T18:49:17,script,e41e6bcc5261048123702ad4287642c378cd15fe9decdc65006e49272f0a7098
srlqa\training\losses.py,C:\Users\RAVIPRAKASH\Downloads\NLP Project\srlqa\srlqa\training\losses.py,.py,1347,2026-04-07T18:49:17,script,6c803f8ee6c9df2969eabe7efdad0b6db2c87acfec31318f68e231675eb6c5e8
srlqa\training\ranking_loss.py,C:\Users\RAVIPRAKASH\Downloads\NLP Project\srlqa\srlqa\training\ranking_loss.py,.py,689,2026-04-07T18:49:17,script,010fc1ff309e781ea184e5dfe5eebdc7d691c1a53e15a3a65ebcd0f5cb1e8e75
srlqa\training\train_mrc_srl.py,C:\Users\RAVIPRAKASH\Downloads\NLP Project\srlqa\srlqa\training\train_mrc_srl.py,.py,2009,2026-04-07T18:49:17,script,12ad61fed82879e846002a6b8bfc005e6b17477572adf266ca599d8903358cad
srlqa\verification\__init__.py,C:\Users\RAVIPRAKASH\Downloads\NLP Project\srlqa\srlqa\verification\__init__.py,.py,183,2026-04-07T18:51:16,script,2fb68908c4db83c3dd345ee48f23e07edb5cdbc64d40058c5a4b60450573d2a0
srlqa\verification\self_correction.py,C:\Users\RAVIPRAKASH\Downloads\NLP Project\srlqa\srlqa\verification\self_correction.py,.py,1053,2026-04-07T18:51:16,script,fb479b4c5b76798c47287a4ebe7a8b523691d4e265c8b61117bd1701a400240f
srlqa\verification\span_verifier.py,C:\Users\RAVIPRAKASH\Downloads\NLP Project\srlqa\srlqa\verification\span_verifier.py,.py,2231,2026-04-07T18:51:16,script,19011f348895e2016af7109479d0a54600f7ab45b6e9c0bf667802a52e3cedc0
srlqa\verification\verifier_training_data.py,C:\Users\RAVIPRAKASH\Downloads\NLP Project\srlqa\srlqa\verification\verifier_training_data.py,.py,1022,2026-04-07T18:51:16,script,4fa2501f6dabdd4f008289df16c9ad1f0bd22f062c77d8db507f32bcbe418a93
